ID ответа,Дата ответа,Затраченное время,Источник ответа,Источник ответа,Респондент,IP-hash,UA-hash,Логин,Где Вы работаете?,В какой компании Вы работаете?,Какую должность Вы занимаете?,Оцените уровень заинтересованности и вовлеченности сотрудников вашей компании в зеленые и устойчивые практики?,"*Назовите причины, из-за которых Вы начали разрабатывать и внедрять зеленую маркетинговую стратегию в Вашей компании/бренде? Экологичность- популярный тренд",Увеличение динамики продаж,Оптимизация производство,Имидж и репутация среди стэйкхолдеров,"Вариант ""другое""","Вариант ""затрудняюсь ответить""",Ваша зеленая маркетинговая стратегия и ориентация на устойчивое развитие помогли увеличить продажи и маржинальность FMCG продуктов?,Ваша зеленая маркетинговая стратегия и ориентация на устойчивое развитие помогли улучшить имидж и репутацию компании/брендов/продуктов?,На каком уровне реализации зеленой маркетинговой стратегии находится Ваша компания?,"Считаете ли Вы, что зеленую маркетинговую стратегию вашей компании можно назвать успешной?","* По вашему мнению, наиболее существенными и значимыми факторами, влияющими на увеличение прибыли в рамках зеленой маркетинговой стратегии в FMCG компании после трех лет ее реализации, являются (где 1- совсем не влияет, а 5- сильно влияет)?  Использование переработанного пластика в упаковках и полный переход на более экологичные источники сырья в FMCG продуктах ",Уменьшение выбросов CO2 минимум на 50% на всей цепочке создания ценности продуктов,"Зеленое производство, сертифицированное по LEED, ISO и другим экологическим сертификатам соответствия","Простая и понятная коммуникация компании в упаковке и рекламных кампаниях об экологичности продукта, его использовании, переработке, утилизации для потребителей",Экомаркировки продуктов,Конкурентноспособная цена зеленого продукта,Наличие минимум 90% натуральных компонентов в составе продуктов,Полная локальность FMCG продукта,"Бюджеты на трансформацию и активации зеленого маркетинга, составляющие более 15% от основного годового маркетингового бюджета",Наличие подробной системы гайдлайнов и инструкций по реализации зеленых маркетинговых стратегий у маркетинговой команды,* Привлекаете ли Вы различных экспертов и других стэйкхолдеров для помощи в реализации зеленой маркетинговой стратегии вашей компании?,*Оцените как новая политическая и экономическая реальность в России повлияли на интеграцию устойчивых практик в вашей компании?,* Какие факторы новой политической и экономической реальности сильнее всего повлияли на зеленую маркетинговую стратегию в Вашей компании? Снижение покупательской способности,Урезание маркетинговых бюджетов,Переключение акцента компании на другие направления,Уход зарубежных партнёров и глобальных офисов,Отсутствие доступа к мировым рынкам и рейтингам,Нестабильность и невозможность планирования,"Вариант ""другое""","Вариант ""затрудняюсь ответить""","* Ощущаете ли Вы, что покупательская способность населения России значительно снизилась в 2022–2023 годах?",* Как проходит реализация зеленой маркетинговой стратегии в вашей компании?,"* Есть ли у вас определенные метрики, KPI и показатели, по которым вы оцениваете успешность зеленой маркетинговой стратегии?",* Присутствуют ли в ваших FMCG продуктах большое количество различных эко элементов?,* Какую ориентировочно стратегию зеленого маркетинга реализует ваша FMCG компания?,* Оцените лично ваш уровень заинтересованности и вовлеченности в зеленые и устойчивые практики?
67048821,2023.03.25 00:13,00:01:10,Прямая ссылка,Прямая ссылка,,SBSQSDJYMB7ULOY3,XDTFNAMZO8OJ1CW6,,"В филиале зарубежной компании или в компании, которая в течение последнего года отделилась от зарубежного главного офиса",Unilever,Junior,Высокий,,,Оптимизация производство,Имидж и репутация среди стэйкхолдеров,,,Скорее да,Скорее да,"Продвинутый (уже получены глобальные результаты зеленой стратегии, наша компания может называться устойчивой)",Скорее да,5,5,3,5,4,3,3,1,4,2,Да,Никак не повлияла,,,Переключение акцента компании на другие направления,,,Нестабильность и невозможность планирования,,,Скорее да,"Сложно сказать, не слишком быстро, и не слишком медленно","Да, у нас есть четкие индикаторы и метрики, все измеримо",Скорее да,"Продвинутую. Активно трансформируем многие процессы, связанные с упаковками, сырьем, производством и маркетингом, стремимся стать еще более экологичными",Высокий
67048789,2023.03.25 00:10,00:02:59,Прямая ссылка,Прямая ссылка,,SBSQSDJYMB7ULOY3,XDTFNAMZO8OJ1CW6,,"В филиале зарубежной компании или в компании, которая в течение последнего года отделилась от зарубежного главного офиса",Loreal,Senior,Высокий,Экологичность- популярный тренд,Увеличение динамики продаж,Оптимизация производство,Имидж и репутация среди стэйкхолдеров,,,Скорее да,Не повлияло,"Средний (уже реализуем большие проекты, обозначены направления развития)",Скорее да,5,4,3,3,5,5,5,1,4,1,Скорее да,Никак не повлияла,,,Переключение акцента компании на другие направления,Уход зарубежных партнёров и глобальных офисов,,,,,Скорее да,"Быстро, но некоторые трудности нас затормозили","Что-то измеряем, но не все",Скорее да,"Продвинутую. Активно трансформируем многие процессы, связанные с упаковками, сырьем, производством и маркетингом, стремимся стать еще более экологичными",Высокий
67048753,2023.03.25 00:05,00:01:09,Прямая ссылка,Прямая ссылка,,SBSQSDJYMB7ULOY3,XDTFNAMZO8OJ1CW6,,"В филиале зарубежной компании или в компании, которая в течение последнего года отделилась от зарубежного главного офиса",Loreal,Junior,Высокий,Экологичность- популярный тренд,Увеличение динамики продаж,Оптимизация производство,Имидж и репутация среди стэйкхолдеров,,,Не повлияли,Да,"Экспертный (наша компания полностью зеленая и устойчивая, зеленая стратегия лежит в нашем базисе",Скорее да,5,5,3,5,5,5,5,2,2,2,Скорее да,"Замедлила, многие устойчивые процессы приостановлены",Снижение покупательской способности,Урезание маркетинговых бюджетов,,,,Нестабильность и невозможность планирования,,,Скорее да,"Сложно сказать, не слишком быстро, и не слишком медленно","Что-то измеряем, но не все",Скорее да,"Продвинутую. Активно трансформируем многие процессы, связанные с упаковками, сырьем, производством и маркетингом, стремимся стать еще более экологичными",Высокий
67048736,2023.03.25 00:02,00:02:04,Прямая ссылка,Прямая ссылка,,SBSQSDJYMB7ULOY3,XDTFNAMZO8OJ1CW6,,"В филиале зарубежной компании или в компании, которая в течение последнего года отделилась от зарубежного главного офиса",Loreal,Middle,Высокий,Экологичность- популярный тренд,Увеличение динамики продаж,,,,,Да,Да,"Экспертный (наша компания полностью зеленая и устойчивая, зеленая стратегия лежит в нашем базисе",Да,5,5,3,3,4,3,5,2,2,1,Да,"Замедлила, многие устойчивые процессы приостановлены",,,Переключение акцента компании на другие направления,Уход зарубежных партнёров и глобальных офисов,,,,,Скорее да,"Быстро, но некоторые трудности нас затормозили","Что-то измеряем, но не все",Да,"Продвинутую. Активно трансформируем многие процессы, связанные с упаковками, сырьем, производством и маркетингом, стремимся стать еще более экологичными",Средний
67048676,2023.03.24 23:56,00:01:11,Прямая ссылка,Прямая ссылка,,SBSQSDJYMB7ULOY3,XDTFNAMZO8OJ1CW6,,"В филиале зарубежной компании или в компании, которая в течение последнего года отделилась от зарубежного главного офиса",Henkel,Junior,Средний,Экологичность- популярный тренд,Увеличение динамики продаж,,,,,Нет,Скорее да,"Продвинутый (уже получены глобальные результаты зеленой стратегии, наша компания может называться устойчивой)",Да,5,5,3,2,2,4,5,4,4,1,Нет,Немного ускорила,,Урезание маркетинговых бюджетов,Переключение акцента компании на другие направления,,,,,,Скорее да,"Сложно сказать, не слишком быстро, и не слишком медленно","Что-то измеряем, но не все",Скорее нет,"Среднюю. Реализуем некоторые экологичные проекты, делаем акцент на экологичности продуктов, но ничего масштабного практически не делаем",Средний
67048646,2023.03.24 23:52,00:01:03,Прямая ссылка,Прямая ссылка,,SBSQSDJYMB7ULOY3,XDTFNAMZO8OJ1CW6,,"В филиале зарубежной компании или в компании, которая в течение последнего года отделилась от зарубежного главного офиса",P&G,Senior,Высокий,,,Оптимизация производство,Имидж и репутация среди стэйкхолдеров,,,Не повлияли,Нет,"Продвинутый (уже получены глобальные результаты зеленой стратегии, наша компания может называться устойчивой)",Скорее нет,2,5,2,3,5,5,3,5,3,4,Да,"Замедлила, многие устойчивые процессы приостановлены",Снижение покупательской способности,Урезание маркетинговых бюджетов,,,,,,,Да,"Быстро, но некоторые трудности нас затормозили","Что-то измеряем, но не все",Да,"Продвинутую. Активно трансформируем многие процессы, связанные с упаковками, сырьем, производством и маркетингом, стремимся стать еще более экологичными",Высокий
67008258,2023.03.23 22:13,00:01:32,Прямая ссылка,Прямая ссылка,,SBSQSDJYMB7ULOY3,XDTFNAMZO8OJ1CW6,,"В филиале зарубежной компании или в компании, которая в течение последнего года отделилась от зарубежного главного офиса",Loreal,Middle,Средний,Экологичность- популярный тренд,,,,,,Скорее да,Да,"Средний (уже реализуем большие проекты, обозначены направления развития)",Скорее да,4,3,2,4,3,4,5,3,4,2,Скорее да,"Замедлила, многие устойчивые процессы приостановлены",Снижение покупательской способности,,,Уход зарубежных партнёров и глобальных офисов,,Нестабильность и невозможность планирования,,,Скорее да,"Быстро, но некоторые трудности нас затормозили","Что-то измеряем, но не все",Скорее да,Экспертную. Полная трансформация всех процессов в компании в сторону устойчивого развития. Зеленая маркетинговая стратегия становится основной стратегией компании,Высокий
67008230,2023.03.23 22:11,00:02:01,Прямая ссылка,Прямая ссылка,,SBSQSDJYMB7ULOY3,XDTFNAMZO8OJ1CW6,,В российской компании,DRC (R.O.C.S.),Junior,Низкий,Экологичность- популярный тренд,,,,,,Скорее нет,Да,Начальный (только начали разрабатывать стратегию и что-то пробовать),Да,2,2,4,5,3,5,4,4,3,4,Нет,"Замедлила, многие устойчивые процессы приостановлены",,,,,,Нестабильность и невозможность планирования,,,Скорее да,"Сложно сказать, не слишком быстро, и не слишком медленно","Есть на уровне обычного перфоманс маркетинга, устойчивые метрики не используем",Нет,"Среднюю. Реализуем некоторые экологичные проекты, делаем акцент на экологичности продуктов, но ничего масштабного практически не делаем",Высокий
66900020,2023.03.21 13:15,00:01:08,Прямая ссылка,Прямая ссылка,USERID: 31671599,NSKAQPPHIMBTSPO3,QF39GJBJRVBXSURH,,"В филиале зарубежной компании или в компании, которая в течение последнего года отделилась от зарубежного главного офиса",Colgate-Palmolive,Middle,Высокий,,,Оптимизация производство,Имидж и репутация среди стэйкхолдеров,,,Скорее да,Скорее да,"Продвинутый (уже получены глобальные результаты зеленой стратегии, наша компания может называться устойчивой)",Скорее да,4,5,5,3,5,4,2,4,3,5,Скорее да,"Замедлила, многие устойчивые процессы приостановлены",Снижение покупательской способности,Урезание маркетинговых бюджетов,,,,,,,Скорее да,"Довольно быстро и эффективно, с большими проблемами не сталкивались","Да, у нас есть четкие индикаторы и метрики, все измеримо",Скорее да,Экспертную. Полная трансформация всех процессов в компании в сторону устойчивого развития. Зеленая маркетинговая стратегия становится основной стратегией компании,Высокий
66899912,2023.03.21 13:14,00:01:05,Прямая ссылка,Прямая ссылка,USERID: 31671599,NSKAQPPHIMBTSPO3,QF39GJBJRVBXSURH,,В российской компании,Synergetic,Junior,Низкий,Экологичность- популярный тренд,,,,,,Скорее нет,Скорее нет,"Средний (уже реализуем большие проекты, обозначены направления развития)",Скорее нет,4,3,3,2,3,2,2,3,4,5,Нет,"Замедлила, многие устойчивые процессы приостановлены",Снижение покупательской способности,Урезание маркетинговых бюджетов,,,,,,,Нет,"Быстро, но некоторые трудности нас затормозили","Нет, ничего не измеряем",Скорее нет,"Сильно ограниченную. Немного улучшаем имидж из-за некоторых зеленых характеристик бренда, но не более, компанией прикладывается мало усилий в этом направлении",Средний
66899818,2023.03.21 13:13,00:01:37,Прямая ссылка,Прямая ссылка,USERID: 31671599,NSKAQPPHIMBTSPO3,QF39GJBJRVBXSURH,,"В филиале зарубежной компании или в компании, которая в течение последнего года отделилась от зарубежного главного офиса",Henkel,Специалист,Высокий,Экологичность- популярный тренд,Увеличение динамики продаж,,,,,Скорее да,Скорее да,"Продвинутый (уже получены глобальные результаты зеленой стратегии, наша компания может называться устойчивой)",Скорее да,4,5,4,3,3,4,5,4,4,5,Да,"Замедлила, многие устойчивые процессы приостановлены",Снижение покупательской способности,Урезание маркетинговых бюджетов,,,,,,,Да,"Довольно быстро и эффективно, с большими проблемами не сталкивались","Да, у нас есть четкие индикаторы и метрики, все измеримо",Скорее да,"Продвинутую. Активно трансформируем многие процессы, связанные с упаковками, сырьем, производством и маркетингом, стремимся стать еще более экологичными",Высокий
66898549,2023.03.21 12:46,00:01:07,Прямая ссылка,Прямая ссылка,USERID: 31671599,NSKAQPPHIMBTSPO3,QF39GJBJRVBXSURH,,"В филиале зарубежной компании или в компании, которая в течение последнего года отделилась от зарубежного главного офиса",P&G,Стажер,Высокий,Экологичность- популярный тренд,Увеличение динамики продаж,,,,,Скорее да,Да,"Экспертный (наша компания полностью зеленая и устойчивая, зеленая стратегия лежит в нашем базисе",Да,5,5,5,3,4,3,4,4,2,5,Скорее да,"Замедлила, многие устойчивые процессы приостановлены",Снижение покупательской способности,Урезание маркетинговых бюджетов,Переключение акцента компании на другие направления,,,,,,Да,"Довольно быстро и эффективно, с большими проблемами не сталкивались","Да, у нас есть четкие индикаторы и метрики, все измеримо",Скорее да,Экспертную. Полная трансформация всех процессов в компании в сторону устойчивого развития. Зеленая маркетинговая стратегия становится основной стратегией компании,Очень высокий
66898464,2023.03.21 12:44,00:19:12,Прямая ссылка,Прямая ссылка,USERID: 31671599,NSKAQPPHIMBTSPO3,QF39GJBJRVBXSURH,,В российской компании,Splat,Специалист,Низкий,Экологичность- популярный тренд,,Оптимизация производство,,,,Скорее нет,Скорее нет,Начальный (только начали разрабатывать стратегию и что-то пробовать),Нет,3,4,3,2,4,4,2,3,2,3,Нет,"Замедлила, многие устойчивые процессы приостановлены",Снижение покупательской способности,Урезание маркетинговых бюджетов,,Уход зарубежных партнёров и глобальных офисов,,,,,Скорее да,"Довольно медленно и проблематично, процесс сложный","Есть на уровне обычного перфоманс маркетинга, устойчивые метрики не используем",Скорее нет,"Сильно ограниченную. Немного улучшаем имидж из-за некоторых зеленых характеристик бренда, но не более, компанией прикладывается мало усилий в этом направлении",Средний
66883687,2023.03.21 05:21,00:01:19,Прямая ссылка,Прямая ссылка,USERID: 31671599,WBRBIJGL4BYSBGSU,QF39GJBJRVBXSURH,,"В филиале зарубежной компании или в компании, которая в течение последнего года отделилась от зарубежного главного офиса",P&G,Специалист,Очень высокий,Экологичность- популярный тренд,,Оптимизация производство,,,,Скорее да,Да,"Продвинутый (уже получены глобальные результаты зеленой стратегии, наша компания может называться устойчивой)",Скорее да,4,5,5,3,4,4,4,3,4,5,Да,"Замедлила, многие устойчивые процессы приостановлены",Снижение покупательской способности,Урезание маркетинговых бюджетов,Переключение акцента компании на другие направления,,,,,,Скорее да,"Довольно быстро и эффективно, с большими проблемами не сталкивались","Да, у нас есть четкие индикаторы и метрики, все измеримо",Да,"Продвинутую. Активно трансформируем многие процессы, связанные с упаковками, сырьем, производством и маркетингом, стремимся стать еще более экологичными",Высокий
66883655,2023.03.21 05:19,00:01:11,Прямая ссылка,Прямая ссылка,USERID: 31671599,WBRBIJGL4BYSBGSU,QF39GJBJRVBXSURH,,"В филиале зарубежной компании или в компании, которая в течение последнего года отделилась от зарубежного главного офиса",Loreal,Junior,Очень высокий,Экологичность- популярный тренд,,,Имидж и репутация среди стэйкхолдеров,,,Скорее да,Да,"Экспертный (наша компания полностью зеленая и устойчивая, зеленая стратегия лежит в нашем базисе",Да,5,5,5,3,5,4,5,3,4,5,Да,"Замедлила, многие устойчивые процессы приостановлены",Снижение покупательской способности,Урезание маркетинговых бюджетов,,,,,,,Да,"Довольно быстро и эффективно, с большими проблемами не сталкивались","Да, у нас есть четкие индикаторы и метрики, все измеримо",Да,Экспертную. Полная трансформация всех процессов в компании в сторону устойчивого развития. Зеленая маркетинговая стратегия становится основной стратегией компании,Высокий
66883641,2023.03.21 05:18,00:01:50,Прямая ссылка,Прямая ссылка,USERID: 31671599,WBRBIJGL4BYSBGSU,QF39GJBJRVBXSURH,,В российской компании,Splat,Junior,Низкий,Экологичность- популярный тренд,,,Имидж и репутация среди стэйкхолдеров,,,Скорее нет,Скорее нет,Начальный (только начали разрабатывать стратегию и что-то пробовать),Нет,4,4,4,2,2,4,3,4,2,3,Скорее нет,"Замедлила, многие устойчивые процессы приостановлены",Снижение покупательской способности,Урезание маркетинговых бюджетов,,Уход зарубежных партнёров и глобальных офисов,,,,,Да,"Очень тяжело и долго, трансформация проходила/проходит проблематично","Есть на уровне обычного перфоманс маркетинга, устойчивые метрики не используем",Скорее нет,"Сильно ограниченную. Немного улучшаем имидж из-за некоторых зеленых характеристик бренда, но не более, компанией прикладывается мало усилий в этом направлении",Высокий
66882931,2023.03.21 03:52,00:01:19,Прямая ссылка,Прямая ссылка,USERID: 31671599,HOTFQHDUJ3TCITXW,QF39GJBJRVBXSURH,,"В филиале зарубежной компании или в компании, которая в течение последнего года отделилась от зарубежного главного офиса",Henkel,Специалист,Очень высокий,Экологичность- популярный тренд,Увеличение динамики продаж,,,,,Да,Да,"Продвинутый (уже получены глобальные результаты зеленой стратегии, наша компания может называться устойчивой)",Скорее да,5,5,5,3,5,4,5,3,4,5,Скорее да,"Замедлила, многие устойчивые процессы приостановлены",Снижение покупательской способности,Урезание маркетинговых бюджетов,,,,,,,Да,"Довольно быстро и эффективно, с большими проблемами не сталкивались","Да, у нас есть четкие индикаторы и метрики, все измеримо",Да,"Продвинутую. Активно трансформируем многие процессы, связанные с упаковками, сырьем, производством и маркетингом, стремимся стать еще более экологичными",Высокий
66877117,2023.03.20 19:16,00:01:28,Прямая ссылка,Прямая ссылка,USERID: 31671599,WBRBIJGL4BYSBGSU,QF39GJBJRVBXSURH,,В российской компании,Splat,Junior,Низкий,Экологичность- популярный тренд,Увеличение динамики продаж,,,,,Скорее нет,Скорее нет,Начальный (только начали разрабатывать стратегию и что-то пробовать),Скорее нет,3,3,4,1,2,3,3,4,3,5,Нет,"Замедлила, многие устойчивые процессы приостановлены",Снижение покупательской способности,,Переключение акцента компании на другие направления,,,,,,Да,"Довольно быстро и эффективно, с большими проблемами не сталкивались","Да, у нас есть четкие индикаторы и метрики, все измеримо",Да,"Продвинутую. Активно трансформируем многие процессы, связанные с упаковками, сырьем, производством и маркетингом, стремимся стать еще более экологичными",Высокий
66877066,2023.03.20 19:14,00:01:23,Прямая ссылка,Прямая ссылка,USERID: 31671599,WBRBIJGL4BYSBGSU,QF39GJBJRVBXSURH,,"В филиале зарубежной компании или в компании, которая в течение последнего года отделилась от зарубежного главного офиса",P&G,Middle,Высокий,Экологичность- популярный тренд,,Оптимизация производство,,,,Да,Да,"Экспертный (наша компания полностью зеленая и устойчивая, зеленая стратегия лежит в нашем базисе",Скорее да,5,5,5,2,3,4,5,3,5,5,Да,"Замедлила, многие устойчивые процессы приостановлены",Снижение покупательской способности,Урезание маркетинговых бюджетов,,,,Нестабильность и невозможность планирования,,,Да,"Быстро, но некоторые трудности нас затормозили","Да, у нас есть четкие индикаторы и метрики, все измеримо",Да,"Продвинутую. Активно трансформируем многие процессы, связанные с упаковками, сырьем, производством и маркетингом, стремимся стать еще более экологичными",Высокий
66877027,2023.03.20 19:13,00:01:20,Прямая ссылка,Прямая ссылка,USERID: 31671599,WBRBIJGL4BYSBGSU,QF39GJBJRVBXSURH,,В российской компании,Synergetic,Junior,Очень низкий,Экологичность- популярный тренд,Увеличение динамики продаж,,,,,Скорее нет,Скорее нет,"Средний (уже реализуем большие проекты, обозначены направления развития)",Скорее нет,4,3,3,4,3,5,4,4,3,5,Скорее нет,Затрудняюсь ответить,Снижение покупательской способности,Урезание маркетинговых бюджетов,,,,,,,Нет,"Довольно медленно и проблематично, процесс сложный","Нет, ничего не измеряем",Скорее нет,"Сильно ограниченную. Немного улучшаем имидж из-за некоторых зеленых характеристик бренда, но не более, компанией прикладывается мало усилий в этом направлении",Средний
66876985,2023.03.20 19:11,00:01:15,Прямая ссылка,Прямая ссылка,USERID: 31671599,WBRBIJGL4BYSBGSU,QF39GJBJRVBXSURH,,"В филиале зарубежной компании или в компании, которая в течение последнего года отделилась от зарубежного главного офиса",Loreal,Специалист,Высокий,Экологичность- популярный тренд,Увеличение динамики продаж,,,,,Скорее да,Да,"Экспертный (наша компания полностью зеленая и устойчивая, зеленая стратегия лежит в нашем базисе",Да,5,5,5,2,5,3,4,2,3,5,Да,"Замедлила, многие устойчивые процессы приостановлены",Снижение покупательской способности,Урезание маркетинговых бюджетов,,Уход зарубежных партнёров и глобальных офисов,,,,,Да,"Довольно быстро и эффективно, с большими проблемами не сталкивались","Да, у нас есть четкие индикаторы и метрики, все измеримо",Да,Экспертную. Полная трансформация всех процессов в компании в сторону устойчивого развития. Зеленая маркетинговая стратегия становится основной стратегией компании,Высокий
66876911,2023.03.20 19:09,00:01:27,Прямая ссылка,Прямая ссылка,USERID: 31671599,WBRBIJGL4BYSBGSU,QF39GJBJRVBXSURH,,В российской компании,Cotton Club,Junior,Низкий,,,Оптимизация производство,Имидж и репутация среди стэйкхолдеров,,,Скорее нет,Скорее нет,Начальный (только начали разрабатывать стратегию и что-то пробовать),Скорее нет,4,3,4,3,4,3,3,5,3,5,Скорее нет,"Замедлила, многие устойчивые процессы приостановлены",Снижение покупательской способности,Урезание маркетинговых бюджетов,Переключение акцента компании на другие направления,,,,,,Скорее да,"Очень тяжело и долго, трансформация проходила/проходит проблематично","Нет, ничего не измеряем",Скорее нет,"Сильно ограниченную. Немного улучшаем имидж из-за некоторых зеленых характеристик бренда, но не более, компанией прикладывается мало усилий в этом направлении",Низкий
66876816,2023.03.20 19:07,00:01:08,Прямая ссылка,Прямая ссылка,USERID: 31671599,WBRBIJGL4BYSBGSU,QF39GJBJRVBXSURH,,"В филиале зарубежной компании или в компании, которая в течение последнего года отделилась от зарубежного главного офиса",Henkel,Junior,Высокий,Экологичность- популярный тренд,,Оптимизация производство,,,,Скорее да,Скорее да,"Продвинутый (уже получены глобальные результаты зеленой стратегии, наша компания может называться устойчивой)",Скорее да,5,5,5,3,4,4,3,5,3,5,Да,"Замедлила, многие устойчивые процессы приостановлены",Снижение покупательской способности,Урезание маркетинговых бюджетов,,Уход зарубежных партнёров и глобальных офисов,,,,,Да,"Довольно быстро и эффективно, с большими проблемами не сталкивались","Да, у нас есть четкие индикаторы и метрики, все измеримо",Да,"Продвинутую. Активно трансформируем многие процессы, связанные с упаковками, сырьем, производством и маркетингом, стремимся стать еще более экологичными",Высокий
66876747,2023.03.20 19:04,00:01:50,Прямая ссылка,Прямая ссылка,USERID: 31671599,WBRBIJGL4BYSBGSU,QF39GJBJRVBXSURH,,В российской компании,Cotton Club,Senior,Низкий,Экологичность- популярный тренд,Увеличение динамики продаж,,,,,Скорее нет,Скорее нет,Начальный (только начали разрабатывать стратегию и что-то пробовать),Скорее нет,4,4,4,2,4,4,2,4,5,4,Скорее нет,"Замедлила, многие устойчивые процессы приостановлены",,Урезание маркетинговых бюджетов,Переключение акцента компании на другие направления,,,,,,Скорее да,"Очень тяжело и долго, трансформация проходила/проходит проблематично","Нет, ничего не измеряем",Скорее нет,"Сильно ограниченную. Немного улучшаем имидж из-за некоторых зеленых характеристик бренда, но не более, компанией прикладывается мало усилий в этом направлении",Средний
66875293,2023.03.20 18:21,00:01:12,Прямая ссылка,Прямая ссылка,USERID: 31671599,WBRBIJGL4BYSBGSU,QF39GJBJRVBXSURH,,В российской компании,Synergetic,Специалист,Низкий,,Увеличение динамики продаж,,,,,Скорее нет,Скорее нет,"Средний (уже реализуем большие проекты, обозначены направления развития)",Скорее нет,3,4,4,3,4,3,5,5,2,5,Скорее нет,"Замедлила, многие устойчивые процессы приостановлены",Снижение покупательской способности,,,,Отсутствие доступа к мировым рынкам и рейтингам,,,,Да,"Довольно медленно и проблематично, процесс сложный","Есть на уровне обычного перфоманс маркетинга, устойчивые метрики не используем",Скорее нет,"Сильно ограниченную. Немного улучшаем имидж из-за некоторых зеленых характеристик бренда, но не более, компанией прикладывается мало усилий в этом направлении",Средний
66875052,2023.03.20 18:17,00:01:31,Прямая ссылка,Прямая ссылка,USERID: 31671599,WBRBIJGL4BYSBGSU,QF39GJBJRVBXSURH,,"В филиале зарубежной компании или в компании, которая в течение последнего года отделилась от зарубежного главного офиса",Colgate-Palmolive,Junior,Высокий,Экологичность- популярный тренд,,Оптимизация производство,,,,Скорее да,Скорее да,"Средний (уже реализуем большие проекты, обозначены направления развития)",Да,4,3,4,2,4,2,4,4,3,4,Скорее да,"Замедлила, многие устойчивые процессы приостановлены",Снижение покупательской способности,,,Уход зарубежных партнёров и глобальных офисов,,,,,Да,"Довольно медленно и проблематично, процесс сложный","Что-то измеряем, но не все",Скорее да,"Среднюю. Реализуем некоторые экологичные проекты, делаем акцент на экологичности продуктов, но ничего масштабного практически не делаем",Средний
66874935,2023.03.20 18:14,00:01:29,Прямая ссылка,Прямая ссылка,USERID: 31671599,WBRBIJGL4BYSBGSU,QF39GJBJRVBXSURH,,В российской компании,Splat,Junior,Очень низкий,Экологичность- популярный тренд,,,Имидж и репутация среди стэйкхолдеров,,,Скорее нет,Скорее нет,Начальный (только начали разрабатывать стратегию и что-то пробовать),Скорее нет,4,4,4,2,2,3,4,3,5,4,Скорее нет,Сильно замедлила реализацию,Снижение покупательской способности,,,Уход зарубежных партнёров и глобальных офисов,,,,,Да,"Довольно медленно и проблематично, процесс сложный","Нет, ничего не измеряем",Скорее нет,"Сильно ограниченную. Немного улучшаем имидж из-за некоторых зеленых характеристик бренда, но не более, компанией прикладывается мало усилий в этом направлении",Низкий
66872454,2023.03.20 17:04,00:01:15,Прямая ссылка,Прямая ссылка,USERID: 31671599,WBRBIJGL4BYSBGSU,QF39GJBJRVBXSURH,,"В филиале зарубежной компании или в компании, которая в течение последнего года отделилась от зарубежного главного офиса",Henkel,Специалист,Высокий,,,Оптимизация производство,Имидж и репутация среди стэйкхолдеров,,,Скорее да,Скорее да,"Продвинутый (уже получены глобальные результаты зеленой стратегии, наша компания может называться устойчивой)",Скорее да,4,5,4,4,4,4,3,3,3,3,Скорее да,"Замедлила, многие устойчивые процессы приостановлены",Снижение покупательской способности,Урезание маркетинговых бюджетов,,Уход зарубежных партнёров и глобальных офисов,,,,,Да,"Довольно быстро и эффективно, с большими проблемами не сталкивались","Да, у нас есть четкие индикаторы и метрики, все измеримо",Да,Экспертную. Полная трансформация всех процессов в компании в сторону устойчивого развития. Зеленая маркетинговая стратегия становится основной стратегией компании,Высокий
66872303,2023.03.20 17:00,00:01:23,Прямая ссылка,Прямая ссылка,USERID: 31671599,WBRBIJGL4BYSBGSU,QF39GJBJRVBXSURH,,"В филиале зарубежной компании или в компании, которая в течение последнего года отделилась от зарубежного главного офиса",Colgate-Palmolive,Middle,Очень высокий,Экологичность- популярный тренд,Увеличение динамики продаж,Оптимизация производство,,,,Скорее да,Да,"Экспертный (наша компания полностью зеленая и устойчивая, зеленая стратегия лежит в нашем базисе",Скорее да,5,5,5,3,5,4,5,2,4,5,Да,"Замедлила, многие устойчивые процессы приостановлены",Снижение покупательской способности,Урезание маркетинговых бюджетов,,,,Нестабильность и невозможность планирования,,,Да,"Довольно быстро и эффективно, с большими проблемами не сталкивались","Да, у нас есть четкие индикаторы и метрики, все измеримо",Да,"Продвинутую. Активно трансформируем многие процессы, связанные с упаковками, сырьем, производством и маркетингом, стремимся стать еще более экологичными",Очень высокий
66872152,2023.03.20 16:57,00:02:11,Прямая ссылка,Прямая ссылка,USERID: 31671599,WBRBIJGL4BYSBGSU,QF39GJBJRVBXSURH,,В российской компании,Splat,Стажер,Низкий,Экологичность- популярный тренд,Увеличение динамики продаж,,,,,Скорее нет,Скорее нет,Начальный (только начали разрабатывать стратегию и что-то пробовать),Скорее нет,4,3,3,3,3,3,3,3,3,3,Скорее нет,Затрудняюсь ответить,Снижение покупательской способности,Урезание маркетинговых бюджетов,,,Отсутствие доступа к мировым рынкам и рейтингам,,,,Скорее да,"Очень тяжело и долго, трансформация проходила/проходит проблематично","Нет, ничего не измеряем",Скорее нет,"Сильно ограниченную. Немного улучшаем имидж из-за некоторых зеленых характеристик бренда, но не более, компанией прикладывается мало усилий в этом направлении",Низкий
66871925,2023.03.20 16:53,00:01:30,Прямая ссылка,Прямая ссылка,USERID: 31671599,WBRBIJGL4BYSBGSU,QF39GJBJRVBXSURH,,В российской компании,Cotton Club,Junior,Низкий,Экологичность- популярный тренд,Увеличение динамики продаж,,,,,Затрудняюсь ответить,Затрудняюсь ответить,"Средний (уже реализуем большие проекты, обозначены направления развития)",Скорее нет,4,4,4,2,3,4,2,4,3,2,Скорее нет,"Замедлила, многие устойчивые процессы приостановлены",Снижение покупательской способности,Урезание маркетинговых бюджетов,,,,Нестабильность и невозможность планирования,,,Скорее да,"Довольно медленно и проблематично, процесс сложный","Нет, ничего не измеряем",Скорее нет,"Среднюю. Реализуем некоторые экологичные проекты, делаем акцент на экологичности продуктов, но ничего масштабного практически не делаем",Низкий
66871796,2023.03.20 16:50,00:01:39,Прямая ссылка,Прямая ссылка,USERID: 31671599,WBRBIJGL4BYSBGSU,QF39GJBJRVBXSURH,,"В филиале зарубежной компании или в компании, которая в течение последнего года отделилась от зарубежного главного офиса",P&G,Специалист,Высокий,,,Оптимизация производство,Имидж и репутация среди стэйкхолдеров,,,Скорее да,Да,"Продвинутый (уже получены глобальные результаты зеленой стратегии, наша компания может называться устойчивой)",Да,5,5,5,3,,5,3,3,4,4,Да,"Замедлила, многие устойчивые процессы приостановлены",Снижение покупательской способности,Урезание маркетинговых бюджетов,,,,,,,Да,"Довольно быстро и эффективно, с большими проблемами не сталкивались","Да, у нас есть четкие индикаторы и метрики, все измеримо",Да,Экспертную. Полная трансформация всех процессов в компании в сторону устойчивого развития. Зеленая маркетинговая стратегия становится основной стратегией компании,Высокий
66871633,2023.03.20 16:46,00:01:32,Прямая ссылка,Прямая ссылка,USERID: 31671599,WBRBIJGL4BYSBGSU,QF39GJBJRVBXSURH,,В российской компании,Synergetic,Middle,Низкий,Экологичность- популярный тренд,Увеличение динамики продаж,,,,,Скорее нет,Скорее нет,"Средний (уже реализуем большие проекты, обозначены направления развития)",Скорее нет,4,3,3,2,4,3,4,2,4,5,Скорее нет,Сильно замедлила реализацию,Снижение покупательской способности,Урезание маркетинговых бюджетов,,,,,,,Скорее да,"Быстро, но некоторые трудности нас затормозили","Есть на уровне обычного перфоманс маркетинга, устойчивые метрики не используем",Скорее нет,"Среднюю. Реализуем некоторые экологичные проекты, делаем акцент на экологичности продуктов, но ничего масштабного практически не делаем",Средний
66871523,2023.03.20 16:43,00:01:31,Прямая ссылка,Прямая ссылка,USERID: 31671599,WBRBIJGL4BYSBGSU,QF39GJBJRVBXSURH,,В российской компании,Splat,Senior,Очень низкий,Экологичность- популярный тренд,,,,,,Скорее нет,Скорее нет,"Средний (уже реализуем большие проекты, обозначены направления развития)",Скорее нет,4,4,4,2,4,3,4,2,4,4,Нет,Сильно замедлила реализацию,Снижение покупательской способности,Урезание маркетинговых бюджетов,,,,,,,Да,"Быстро, но некоторые трудности нас затормозили","Нет, ничего не измеряем",Скорее нет,"Сильно ограниченную. Немного улучшаем имидж из-за некоторых зеленых характеристик бренда, но не более, компанией прикладывается мало усилий в этом направлении",Средний
66871354,2023.03.20 16:39,00:01:30,Прямая ссылка,Прямая ссылка,USERID: 31671599,WBRBIJGL4BYSBGSU,QF39GJBJRVBXSURH,,"В филиале зарубежной компании или в компании, которая в течение последнего года отделилась от зарубежного главного офиса",Unilever,Директор,Очень высокий,Экологичность- популярный тренд,Увеличение динамики продаж,,Имидж и репутация среди стэйкхолдеров,,,Да,Да,"Экспертный (наша компания полностью зеленая и устойчивая, зеленая стратегия лежит в нашем базисе",Да,5,5,5,3,5,4,5,3,4,5,Да,"Замедлила, многие устойчивые процессы приостановлены",Снижение покупательской способности,Урезание маркетинговых бюджетов,Переключение акцента компании на другие направления,,,,,,Да,"Быстро, но некоторые трудности нас затормозили","Да, у нас есть четкие индикаторы и метрики, все измеримо",Да,Экспертную. Полная трансформация всех процессов в компании в сторону устойчивого развития. Зеленая маркетинговая стратегия становится основной стратегией компании,Очень высокий
66871157,2023.03.20 16:34,00:01:43,Прямая ссылка,Прямая ссылка,USERID: 31671599,WBRBIJGL4BYSBGSU,QF39GJBJRVBXSURH,,В российской компании,DRC (R.O.C.S.),Senior,Средний,Экологичность- популярный тренд,,Оптимизация производство,,,,Скорее нет,Скорее нет,Начальный (только начали разрабатывать стратегию и что-то пробовать),Затрудняюсь ответить,4,4,5,2,5,3,5,3,4,4,Скорее нет,"Замедлила, многие устойчивые процессы приостановлены",Снижение покупательской способности,Урезание маркетинговых бюджетов,,,,,,,Да,"Очень тяжело и долго, трансформация проходила/проходит проблематично","Что-то измеряем, но не все",Скорее нет,"Сильно ограниченную. Немного улучшаем имидж из-за некоторых зеленых характеристик бренда, но не более, компанией прикладывается мало усилий в этом направлении",Высокий
66870830,2023.03.20 16:23,00:01:19,Прямая ссылка,Прямая ссылка,USERID: 31671599,WBRBIJGL4BYSBGSU,QF39GJBJRVBXSURH,,"В филиале зарубежной компании или в компании, которая в течение последнего года отделилась от зарубежного главного офиса",Loreal,Junior,Очень высокий,Экологичность- популярный тренд,Увеличение динамики продаж,,,,,Да,Да,"Экспертный (наша компания полностью зеленая и устойчивая, зеленая стратегия лежит в нашем базисе",Да,5,5,5,3,4,5,4,3,3,3,Да,Сильно замедлила реализацию,Снижение покупательской способности,Урезание маркетинговых бюджетов,,,Отсутствие доступа к мировым рынкам и рейтингам,,,,Да,"Быстро, но некоторые трудности нас затормозили","Да, у нас есть четкие индикаторы и метрики, все измеримо",Да,Экспертную. Полная трансформация всех процессов в компании в сторону устойчивого развития. Зеленая маркетинговая стратегия становится основной стратегией компании,Высокий
66870782,2023.03.20 16:21,00:02:00,Прямая ссылка,Прямая ссылка,USERID: 31671599,WBRBIJGL4BYSBGSU,QF39GJBJRVBXSURH,,В российской компании,Splat,Junior,Низкий,Экологичность- популярный тренд,,,,,,Затрудняюсь ответить,Затрудняюсь ответить,Начальный (только начали разрабатывать стратегию и что-то пробовать),Скорее да,4,4,3,4,4,3,2,4,5,3,Нет,"Замедлила, многие устойчивые процессы приостановлены",Снижение покупательской способности,Урезание маркетинговых бюджетов,,,,,,,Да,"Довольно медленно и проблематично, процесс сложный","Нет, ничего не измеряем",Скорее нет,"Сильно ограниченную. Немного улучшаем имидж из-за некоторых зеленых характеристик бренда, но не более, компанией прикладывается мало усилий в этом направлении",Средний
66856041,2023.03.20 09:19,00:01:24,Прямая ссылка,Прямая ссылка,USERID: 31671599,EQ7IAIRX7BMBOW9H,QF39GJBJRVBXSURH,,"В филиале зарубежной компании или в компании, которая в течение последнего года отделилась от зарубежного главного офиса",P&G,Специалист,Средний,Экологичность- популярный тренд,Увеличение динамики продаж,,,,,Да,Да,"Экспертный (наша компания полностью зеленая и устойчивая, зеленая стратегия лежит в нашем базисе",Скорее да,5,5,5,3,5,4,3,3,5,4,Да,"Замедлила, многие устойчивые процессы приостановлены",Снижение покупательской способности,Урезание маркетинговых бюджетов,,,,Нестабильность и невозможность планирования,,,Да,"Быстро, но некоторые трудности нас затормозили","Да, у нас есть четкие индикаторы и метрики, все измеримо",Да,Экспертную. Полная трансформация всех процессов в компании в сторону устойчивого развития. Зеленая маркетинговая стратегия становится основной стратегией компании,Высокий
66855991,2023.03.20 09:17,00:01:30,Прямая ссылка,Прямая ссылка,USERID: 31671599,EQ7IAIRX7BMBOW9H,QF39GJBJRVBXSURH,,В российской компании,Cotton Club,Junior,Низкий,,,,,,Затрудняюсь ответить,Затрудняюсь ответить,Не повлияло,Начальный (только начали разрабатывать стратегию и что-то пробовать),Скорее нет,4,4,3,3,5,4,2,3,2,3,Скорее да,"Замедлила, многие устойчивые процессы приостановлены",Снижение покупательской способности,Урезание маркетинговых бюджетов,,,,,,,Да,"Очень тяжело и долго, трансформация проходила/проходит проблематично","Что-то измеряем, но не все",Нет,"Среднюю. Реализуем некоторые экологичные проекты, делаем акцент на экологичности продуктов, но ничего масштабного практически не делаем",Низкий
66855914,2023.03.20 09:15,00:01:21,Прямая ссылка,Прямая ссылка,USERID: 31671599,EQ7IAIRX7BMBOW9H,QF39GJBJRVBXSURH,,"В филиале зарубежной компании или в компании, которая в течение последнего года отделилась от зарубежного главного офиса",Colgate-Palmolive,Стажер,Высокий,,,Оптимизация производство,Имидж и репутация среди стэйкхолдеров,,,Скорее да,Да,"Продвинутый (уже получены глобальные результаты зеленой стратегии, наша компания может называться устойчивой)",Скорее да,5,5,5,4,3,5,5,3,5,5,Скорее да,"Замедлила, многие устойчивые процессы приостановлены",Снижение покупательской способности,Урезание маркетинговых бюджетов,,,,,,,Да,"Быстро, но некоторые трудности нас затормозили","Да, у нас есть четкие индикаторы и метрики, все измеримо",Да,"Продвинутую. Активно трансформируем многие процессы, связанные с упаковками, сырьем, производством и маркетингом, стремимся стать еще более экологичными",Высокий
66855867,2023.03.20 09:14,00:01:54,Прямая ссылка,Прямая ссылка,USERID: 31671599,EQ7IAIRX7BMBOW9H,QF39GJBJRVBXSURH,,В российской компании,Synergetic,Junior,Низкий,,,,,,Затрудняюсь ответить,Затрудняюсь ответить,Скорее нет,Начальный (только начали разрабатывать стратегию и что-то пробовать),Скорее нет,3,2,2,3,2,4,2,2,3,5,Нет,"Замедлила, многие устойчивые процессы приостановлены",,,Переключение акцента компании на другие направления,,,,,,Скорее да,"Очень тяжело и долго, трансформация проходила/проходит проблематично","Нет, ничего не измеряем",Скорее нет,"Сильно ограниченную. Немного улучшаем имидж из-за некоторых зеленых характеристик бренда, но не более, компанией прикладывается мало усилий в этом направлении",Средний
66853370,2023.03.20 07:57,00:01:41,Прямая ссылка,Прямая ссылка,USERID: 31671599,EQ7IAIRX7BMBOW9H,QF39GJBJRVBXSURH,,"В филиале зарубежной компании или в компании, которая в течение последнего года отделилась от зарубежного главного офиса",Unilever,Junior,Высокий,,Увеличение динамики продаж,,,,,Скорее да,Скорее да,"Экспертный (наша компания полностью зеленая и устойчивая, зеленая стратегия лежит в нашем базисе",Да,5,5,5,3,5,4,4,3,3,5,Да,Сильно замедлила реализацию,,Урезание маркетинговых бюджетов,Переключение акцента компании на другие направления,,,,,,Да,"Довольно быстро и эффективно, с большими проблемами не сталкивались","Да, у нас есть четкие индикаторы и метрики, все измеримо",Да,Экспертную. Полная трансформация всех процессов в компании в сторону устойчивого развития. Зеленая маркетинговая стратегия становится основной стратегией компании,Высокий
66853068,2023.03.20 07:34,00:01:38,Прямая ссылка,Прямая ссылка,USERID: 31671599,HMFF2BYP6XDFNVL4,QF39GJBJRVBXSURH,,"В филиале зарубежной компании или в компании, которая в течение последнего года отделилась от зарубежного главного офиса",Henkel,Затрудняюсь ответить,Затрудняюсь ответить,,Увеличение динамики продаж,,,,,Затрудняюсь ответить,Скорее да,"Продвинутый (уже получены глобальные результаты зеленой стратегии, наша компания может называться устойчивой)",Да,5,5,5,3,4,4,5,4,4,4,Скорее да,"Замедлила, многие устойчивые процессы приостановлены",Снижение покупательской способности,Урезание маркетинговых бюджетов,,,,,,,Да,"Быстро, но некоторые трудности нас затормозили","Что-то измеряем, но не все",Да,Затрудняюсь ответить,Затрудняюсь ответить
66852997,2023.03.20 07:29,00:02:11,Прямая ссылка,Прямая ссылка,USERID: 31671599,HMFF2BYP6XDFNVL4,QF39GJBJRVBXSURH,,В российской компании,Splat,Стажер,Низкий,Экологичность- популярный тренд,,,,,,Не повлияли,Не повлияло,Начальный (только начали разрабатывать стратегию и что-то пробовать),Нет,3,3,3,4,3,3,3,3,3,5,Нет,Сильно ускорила,,Урезание маркетинговых бюджетов,,,,Нестабильность и невозможность планирования,,,Затрудняюсь ответить,Затрудняюсь ответить,Затрудняюсь ответить,Затрудняюсь ответить,Затрудняюсь ответить,Затрудняюсь ответить
66851518,2023.03.20 05:24,00:01:08,Прямая ссылка,Прямая ссылка,,C9YUW2FWNVOY0SS2,BUZ2VBN17QC4Q8BT,,"В филиале зарубежной компании или в компании, которая в течение последнего года отделилась от зарубежного главного офиса",Loreal,Middle,Средний,Экологичность- популярный тренд,,,,,,Да,Нет,"Средний (уже реализуем большие проекты, обозначены направления развития)",Скорее нет,1,3,3,3,3,3,3,3,3,3,Да,Сильно замедлила реализацию,,Урезание маркетинговых бюджетов,,,,,,,Скорее нет,"Довольно медленно и проблематично, процесс сложный","Что-то измеряем, но не все",Скорее да,"Продвинутую. Активно трансформируем многие процессы, связанные с упаковками, сырьем, производством и маркетингом, стремимся стать еще более экологичными",Средний
66844293,2023.03.19 18:12,00:01:25,Прямая ссылка,Прямая ссылка,,RAOVPUVZAEINXOFH,BUZ2VBN17QC4Q8BT,,В российской компании,Synergetic,Директор,Очень высокий,,,,Имидж и репутация среди стэйкхолдеров,,,Скорее нет,Скорее нет,"Продвинутый (уже получены глобальные результаты зеленой стратегии, наша компания может называться устойчивой)",Да,5,5,4,1,4,3,1,2,3,4,Скорее нет,"Замедлила, многие устойчивые процессы приостановлены",Снижение покупательской способности,,,,,,,,Да,"Довольно медленно и проблематично, процесс сложный","Есть на уровне обычного перфоманс маркетинга, устойчивые метрики не используем",Скорее нет,"Среднюю. Реализуем некоторые экологичные проекты, делаем акцент на экологичности продуктов, но ничего масштабного практически не делаем",Средний
66829778,2023.03.19 06:51,00:02:20,Прямая ссылка,Прямая ссылка,USERID: 31671599,EKT2HTDL8RDB7ANQ,QF39GJBJRVBXSURH,,"В филиале зарубежной компании или в компании, которая в течение последнего года отделилась от зарубежного главного офиса",Henkel,Junior,Высокий,Экологичность- популярный тренд,Увеличение динамики продаж,,,,,Скорее да,Скорее да,"Продвинутый (уже получены глобальные результаты зеленой стратегии, наша компания может называться устойчивой)",Да,5,5,5,3,5,4,4,3,3,5,Да,Сильно замедлила реализацию,,Урезание маркетинговых бюджетов,,,,,,,Да,"Довольно быстро и эффективно, с большими проблемами не сталкивались","Да, у нас есть четкие индикаторы и метрики, все измеримо",Да,Экспертную. Полная трансформация всех процессов в компании в сторону устойчивого развития. Зеленая маркетинговая стратегия становится основной стратегией компании,Средний
66829741,2023.03.19 06:48,00:02:05,Прямая ссылка,Прямая ссылка,USERID: 31671599,EKT2HTDL8RDB7ANQ,QF39GJBJRVBXSURH,,В российской компании,DRC (R.O.C.S.),Junior,Низкий,Экологичность- популярный тренд,,,,,,Скорее нет,Скорее да,Начальный (только начали разрабатывать стратегию и что-то пробовать),Нет,4,4,4,2,4,3,4,3,4,5,Нет,"Замедлила, многие устойчивые процессы приостановлены",Снижение покупательской способности,Урезание маркетинговых бюджетов,Переключение акцента компании на другие направления,,,,,,Да,"Сложно сказать, не слишком быстро, и не слишком медленно","Нет, ничего не измеряем",Скорее нет,"Среднюю. Реализуем некоторые экологичные проекты, делаем акцент на экологичности продуктов, но ничего масштабного практически не делаем",Высокий
66829711,2023.03.19 06:46,00:02:07,Прямая ссылка,Прямая ссылка,USERID: 31671599,EKT2HTDL8RDB7ANQ,QF39GJBJRVBXSURH,,"В филиале зарубежной компании или в компании, которая в течение последнего года отделилась от зарубежного главного офиса",Colgate-Palmolive,Junior,Очень высокий,Экологичность- популярный тренд,,,,,,Скорее да,Скорее да,"Продвинутый (уже получены глобальные результаты зеленой стратегии, наша компания может называться устойчивой)",Да,5,5,5,3,5,4,5,3,4,5,Да,Сильно замедлила реализацию,Снижение покупательской способности,Урезание маркетинговых бюджетов,,,,,,,Да,"Довольно быстро и эффективно, с большими проблемами не сталкивались","Да, у нас есть четкие индикаторы и метрики, все измеримо",Да,"Продвинутую. Активно трансформируем многие процессы, связанные с упаковками, сырьем, производством и маркетингом, стремимся стать еще более экологичными",Высокий
66829680,2023.03.19 06:44,00:02:05,Прямая ссылка,Прямая ссылка,USERID: 31671599,EKT2HTDL8RDB7ANQ,QF39GJBJRVBXSURH,,В российской компании,Cotton Club,Специалист,Низкий,,Увеличение динамики продаж,,,,,Скорее нет,Скорее да,Начальный (только начали разрабатывать стратегию и что-то пробовать),Нет,3,3,3,3,4,3,4,4,4,4,Нет,Сильно замедлила реализацию,Снижение покупательской способности,Урезание маркетинговых бюджетов,,Уход зарубежных партнёров и глобальных офисов,,,,,Да,"Сложно сказать, не слишком быстро, и не слишком медленно","Нет, ничего не измеряем",Скорее нет,"Среднюю. Реализуем некоторые экологичные проекты, делаем акцент на экологичности продуктов, но ничего масштабного практически не делаем",Высокий
66824542,2023.03.18 19:23,00:02:28,Прямая ссылка,Прямая ссылка,USERID: 31671599,EKT2HTDL8RDB7ANQ,QF39GJBJRVBXSURH,,"В филиале зарубежной компании или в компании, которая в течение последнего года отделилась от зарубежного главного офиса",Henkel,Специалист,Высокий,,,Оптимизация производство,,,,Скорее нет,Да,"Продвинутый (уже получены глобальные результаты зеленой стратегии, наша компания может называться устойчивой)",Скорее да,5,5,5,3,5,4,5,3,4,5,Да,Сильно замедлила реализацию,,Урезание маркетинговых бюджетов,,Уход зарубежных партнёров и глобальных офисов,,,,,Скорее да,"Быстро, но некоторые трудности нас затормозили","Что-то измеряем, но не все",Скорее да,"Продвинутую. Активно трансформируем многие процессы, связанные с упаковками, сырьем, производством и маркетингом, стремимся стать еще более экологичными",Высокий
66824508,2023.03.18 19:20,00:02:42,Прямая ссылка,Прямая ссылка,USERID: 31671599,EKT2HTDL8RDB7ANQ,QF39GJBJRVBXSURH,,В российской компании,Synergetic,Senior,Низкий,Экологичность- популярный тренд,Увеличение динамики продаж,,,,,Скорее нет,Скорее да,Начальный (только начали разрабатывать стратегию и что-то пробовать),Скорее нет,4,4,4,3,5,4,4,,4,2,Нет,Сильно замедлила реализацию,Снижение покупательской способности,Урезание маркетинговых бюджетов,,,,,,,Да,"Довольно медленно и проблематично, процесс сложный","Нет, ничего не измеряем",Нет,"Среднюю. Реализуем некоторые экологичные проекты, делаем акцент на экологичности продуктов, но ничего масштабного практически не делаем",Средний
66824445,2023.03.18 19:17,00:02:13,Прямая ссылка,Прямая ссылка,USERID: 31671599,EKT2HTDL8RDB7ANQ,QF39GJBJRVBXSURH,,"В филиале зарубежной компании или в компании, которая в течение последнего года отделилась от зарубежного главного офиса",Loreal,Middle,Очень высокий,,,Оптимизация производство,,,,Да,Скорее да,"Экспертный (наша компания полностью зеленая и устойчивая, зеленая стратегия лежит в нашем базисе",Да,5,5,5,3,5,3,5,4,5,5,Скорее да,"Замедлила, многие устойчивые процессы приостановлены",Снижение покупательской способности,,Переключение акцента компании на другие направления,,,,,,Да,"Быстро, но некоторые трудности нас затормозили","Да, у нас есть четкие индикаторы и метрики, все измеримо",Да,Экспертную. Полная трансформация всех процессов в компании в сторону устойчивого развития. Зеленая маркетинговая стратегия становится основной стратегией компании,Высокий
66824417,2023.03.18 19:14,00:02:18,Прямая ссылка,Прямая ссылка,USERID: 31671599,EKT2HTDL8RDB7ANQ,QF39GJBJRVBXSURH,,В российской компании,DRC (R.O.C.S.),Специалист,Средний,Экологичность- популярный тренд,Увеличение динамики продаж,,,,,Скорее нет,Не повлияло,Начальный (только начали разрабатывать стратегию и что-то пробовать),Нет,4,4,,4,2,4,3,4,2,5,Нет,Немного ускорила,Снижение покупательской способности,,Переключение акцента компании на другие направления,,,,,,Скорее да,"Очень тяжело и долго, трансформация проходила/проходит проблематично","Нет, ничего не измеряем",Скорее нет,"Среднюю. Реализуем некоторые экологичные проекты, делаем акцент на экологичности продуктов, но ничего масштабного практически не делаем",Очень высокий
66824387,2023.03.18 19:12,00:02:39,Прямая ссылка,Прямая ссылка,USERID: 31671599,EKT2HTDL8RDB7ANQ,QF39GJBJRVBXSURH,,"В филиале зарубежной компании или в компании, которая в течение последнего года отделилась от зарубежного главного офиса",Unilever,Junior,Высокий,,Увеличение динамики продаж,,Имидж и репутация среди стэйкхолдеров,,,Скорее да,Скорее да,"Продвинутый (уже получены глобальные результаты зеленой стратегии, наша компания может называться устойчивой)",Да,5,5,5,3,5,4,5,3,4,5,Да,Сильно замедлила реализацию,Снижение покупательской способности,Урезание маркетинговых бюджетов,,,,,,,Скорее да,"Быстро, но некоторые трудности нас затормозили","Да, у нас есть четкие индикаторы и метрики, все измеримо",Да,"Продвинутую. Активно трансформируем многие процессы, связанные с упаковками, сырьем, производством и маркетингом, стремимся стать еще более экологичными",Высокий
66824324,2023.03.18 19:09,00:02:33,Прямая ссылка,Прямая ссылка,USERID: 31671599,EKT2HTDL8RDB7ANQ,QF39GJBJRVBXSURH,,В российской компании,Splat,Стажер,Низкий,,Увеличение динамики продаж,Оптимизация производство,,,,Скорее нет,Скорее да,Начальный (только начали разрабатывать стратегию и что-то пробовать),Нет,3,3,3,1,3,2,2,1,2,2,Нет,Сильно замедлила реализацию,Снижение покупательской способности,Урезание маркетинговых бюджетов,,,,,,,Скорее да,"Очень тяжело и долго, трансформация проходила/проходит проблематично","Нет, ничего не измеряем",Нет,"Среднюю. Реализуем некоторые экологичные проекты, делаем акцент на экологичности продуктов, но ничего масштабного практически не делаем",Высокий
66630989,2023.03.13 18:07,00:02:34,Прямая ссылка,Прямая ссылка,USERID: 31671599,QWYVDQM7HTUAGB1H,QF39GJBJRVBXSURH,,"В филиале зарубежной компании или в компании, которая в течение последнего года отделилась от зарубежного главного офиса",P&G,Специалист,Очень высокий,,Увеличение динамики продаж,,Имидж и репутация среди стэйкхолдеров,,,Да,Да,"Продвинутый (уже получены глобальные результаты зеленой стратегии, наша компания может называться устойчивой)",Да,4,4,5,3,4,4,4,3,3,5,Да,Сильно замедлила реализацию,Снижение покупательской способности,Урезание маркетинговых бюджетов,,,,,,,Да,"Быстро, но некоторые трудности нас затормозили","Что-то измеряем, но не все",Скорее да,"Продвинутую. Активно трансформируем многие процессы, связанные с упаковками, сырьем, производством и маркетингом, стремимся стать еще более экологичными",Высокий
66630801,2023.03.13 18:03,00:01:45,Прямая ссылка,Прямая ссылка,USERID: 31671599,QWYVDQM7HTUAGB1H,QF39GJBJRVBXSURH,,В российской компании,Cotton Club,Junior,Средний,Экологичность- популярный тренд,,Оптимизация производство,,,,Да,Да,"Средний (уже реализуем большие проекты, обозначены направления развития)",Нет,3,3,3,1,3,2,2,1,2,2,Нет,"Замедлила, многие устойчивые процессы приостановлены",,Урезание маркетинговых бюджетов,Переключение акцента компании на другие направления,,,,,,Да,"Довольно медленно и проблематично, процесс сложный","Нет, ничего не измеряем",Да,"Среднюю. Реализуем некоторые экологичные проекты, делаем акцент на экологичности продуктов, но ничего масштабного практически не делаем",Средний
66630327,2023.03.13 17:54,00:01:21,Прямая ссылка,Прямая ссылка,USERID: 31671599,QWYVDQM7HTUAGB1H,QF39GJBJRVBXSURH,,"В филиале зарубежной компании или в компании, которая в течение последнего года отделилась от зарубежного главного офиса",Loreal,Специалист,Очень высокий,Экологичность- популярный тренд,Увеличение динамики продаж,Оптимизация производство,,,,Да,Да,"Экспертный (наша компания полностью зеленая и устойчивая, зеленая стратегия лежит в нашем базисе",Да,5,5,5,3,5,4,5,3,4,5,Да,"Замедлила, многие устойчивые процессы приостановлены",Снижение покупательской способности,Урезание маркетинговых бюджетов,,,,,,,Да,"Довольно быстро и эффективно, с большими проблемами не сталкивались","Да, у нас есть четкие индикаторы и метрики, все измеримо",Да,Экспертную. Полная трансформация всех процессов в компании в сторону устойчивого развития. Зеленая маркетинговая стратегия становится основной стратегией компании,Высокий
66630166,2023.03.13 17:50,00:01:33,Прямая ссылка,Прямая ссылка,USERID: 31671599,QWYVDQM7HTUAGB1H,QF39GJBJRVBXSURH,,"В филиале зарубежной компании или в компании, которая в течение последнего года отделилась от зарубежного главного офиса",Unilever,Специалист,Высокий,,Увеличение динамики продаж,Оптимизация производство,,,,Да,Да,"Продвинутый (уже получены глобальные результаты зеленой стратегии, наша компания может называться устойчивой)",Скорее да,5,5,5,3,3,4,5,3,4,5,Да,Сильно замедлила реализацию,Снижение покупательской способности,Урезание маркетинговых бюджетов,,,,,,,Да,"Довольно быстро и эффективно, с большими проблемами не сталкивались","Да, у нас есть четкие индикаторы и метрики, все измеримо",Да,"Продвинутую. Активно трансформируем многие процессы, связанные с упаковками, сырьем, производством и маркетингом, стремимся стать еще более экологичными",Высокий
66629950,2023.03.13 17:45,00:02:06,Прямая ссылка,Прямая ссылка,USERID: 31671599,QWYVDQM7HTUAGB1H,QF39GJBJRVBXSURH,,В российской компании,DRC (R.O.C.S.),Senior,Низкий,Экологичность- популярный тренд,Увеличение динамики продаж,,Имидж и репутация среди стэйкхолдеров,,,Да,Скорее да,"Средний (уже реализуем большие проекты, обозначены направления развития)",Да,5,4,5,3,4,5,4,4,3,4,Скорее нет,"Замедлила, многие устойчивые процессы приостановлены",Снижение покупательской способности,Урезание маркетинговых бюджетов,,,,Нестабильность и невозможность планирования,,,Да,"Сложно сказать, не слишком быстро, и не слишком медленно","Нет, ничего не измеряем",Скорее да,"Сильно ограниченную. Немного улучшаем имидж из-за некоторых зеленых характеристик бренда, но не более, компанией прикладывается мало усилий в этом направлении",Средний
66629803,2023.03.13 17:41,00:01:51,Прямая ссылка,Прямая ссылка,USERID: 31671599,QWYVDQM7HTUAGB1H,QF39GJBJRVBXSURH,,"В филиале зарубежной компании или в компании, которая в течение последнего года отделилась от зарубежного главного офиса",Colgate-Palmolive,Junior,Высокий,Экологичность- популярный тренд,Увеличение динамики продаж,,,,,Скорее да,Да,"Продвинутый (уже получены глобальные результаты зеленой стратегии, наша компания может называться устойчивой)",Скорее да,5,5,5,3,3,3,4,4,5,4,Скорее да,"Замедлила, многие устойчивые процессы приостановлены",Снижение покупательской способности,Урезание маркетинговых бюджетов,,,,,,,Да,"Довольно быстро и эффективно, с большими проблемами не сталкивались","Да, у нас есть четкие индикаторы и метрики, все измеримо",Да,"Среднюю. Реализуем некоторые экологичные проекты, делаем акцент на экологичности продуктов, но ничего масштабного практически не делаем",Средний
66629714,2023.03.13 17:38,00:01:45,Прямая ссылка,Прямая ссылка,USERID: 31671599,QWYVDQM7HTUAGB1H,QF39GJBJRVBXSURH,,В российской компании,Synergetic,Senior,Низкий,Экологичность- популярный тренд,Увеличение динамики продаж,,,,,Скорее да,Скорее да,Начальный (только начали разрабатывать стратегию и что-то пробовать),Скорее нет,4,4,4,3,4,4,2,4,5,5,Скорее нет,Сильно замедлила реализацию,Снижение покупательской способности,,,,Отсутствие доступа к мировым рынкам и рейтингам,,,,Да,"Довольно медленно и проблематично, процесс сложный","Есть на уровне обычного перфоманс маркетинга, устойчивые метрики не используем",Скорее нет,"Сильно ограниченную. Немного улучшаем имидж из-за некоторых зеленых характеристик бренда, но не более, компанией прикладывается мало усилий в этом направлении",Средний
66629604,2023.03.13 17:35,00:01:50,Прямая ссылка,Прямая ссылка,USERID: 31671599,QWYVDQM7HTUAGB1H,QF39GJBJRVBXSURH,,"В филиале зарубежной компании или в компании, которая в течение последнего года отделилась от зарубежного главного офиса",Unilever,Junior,Высокий,,Увеличение динамики продаж,Оптимизация производство,,,,Да,Да,"Продвинутый (уже получены глобальные результаты зеленой стратегии, наша компания может называться устойчивой)",Да,5,5,,5,3,4,4,2,4,4,Да,"Замедлила, многие устойчивые процессы приостановлены",Снижение покупательской способности,Урезание маркетинговых бюджетов,,,,,,,Да,"Довольно быстро и эффективно, с большими проблемами не сталкивались","Да, у нас есть четкие индикаторы и метрики, все измеримо",Скорее да,"Среднюю. Реализуем некоторые экологичные проекты, делаем акцент на экологичности продуктов, но ничего масштабного практически не делаем",Высокий
66629337,2023.03.13 17:27,00:01:46,Прямая ссылка,Прямая ссылка,USERID: 31671599,QWYVDQM7HTUAGB1H,QF39GJBJRVBXSURH,,В российской компании,Splat,Junior,Средний,Экологичность- популярный тренд,Увеличение динамики продаж,,,,,Да,Да,Начальный (только начали разрабатывать стратегию и что-то пробовать),Скорее да,4,4,4,3,4,3,4,4,3,4,Скорее нет,"Замедлила, многие устойчивые процессы приостановлены",,Урезание маркетинговых бюджетов,Переключение акцента компании на другие направления,,,,,,Скорее да,"Довольно медленно и проблематично, процесс сложный","Есть на уровне обычного перфоманс маркетинга, устойчивые метрики не используем",Скорее да,"Сильно ограниченную. Немного улучшаем имидж из-за некоторых зеленых характеристик бренда, но не более, компанией прикладывается мало усилий в этом направлении",Низкий
66629055,2023.03.13 17:20,00:01:56,Прямая ссылка,Прямая ссылка,USERID: 31671599,QWYVDQM7HTUAGB1H,QF39GJBJRVBXSURH,,"В филиале зарубежной компании или в компании, которая в течение последнего года отделилась от зарубежного главного офиса",Unilever,Стажер,Высокий,Экологичность- популярный тренд,Увеличение динамики продаж,,,,,Да,Да,"Продвинутый (уже получены глобальные результаты зеленой стратегии, наша компания может называться устойчивой)",Да,5,4,4,3,4,4,5,3,4,5,Да,"Замедлила, многие устойчивые процессы приостановлены",,Урезание маркетинговых бюджетов,Переключение акцента компании на другие направления,,,,,,Да,"Быстро, но некоторые трудности нас затормозили","Да, у нас есть четкие индикаторы и метрики, все измеримо",Да,"Продвинутую. Активно трансформируем многие процессы, связанные с упаковками, сырьем, производством и маркетингом, стремимся стать еще более экологичными",Высокий
66628943,2023.03.13 17:18,00:02:41,Прямая ссылка,Прямая ссылка,USERID: 31671599,QWYVDQM7HTUAGB1H,QF39GJBJRVBXSURH,,В российской компании,DRC (R.O.C.S.),Middle,Средний,,,,Имидж и репутация среди стэйкхолдеров,,,Да,Да,Начальный (только начали разрабатывать стратегию и что-то пробовать),Нет,2,3,3,3,3,2,3,2,2,2,Скорее нет,Никак не повлияла,Снижение покупательской способности,Урезание маркетинговых бюджетов,,,,,,,Да,"Сложно сказать, не слишком быстро, и не слишком медленно","Есть на уровне обычного перфоманс маркетинга, устойчивые метрики не используем",Скорее да,"Среднюю. Реализуем некоторые экологичные проекты, делаем акцент на экологичности продуктов, но ничего масштабного практически не делаем",Высокий
66628671,2023.03.13 17:11,00:02:00,Прямая ссылка,Прямая ссылка,USERID: 31671599,QWYVDQM7HTUAGB1H,QF39GJBJRVBXSURH,,"В филиале зарубежной компании или в компании, которая в течение последнего года отделилась от зарубежного главного офиса",Colgate-Palmolive,Специалист,Очень высокий,,Увеличение динамики продаж,Оптимизация производство,,,,Да,Да,"Продвинутый (уже получены глобальные результаты зеленой стратегии, наша компания может называться устойчивой)",Да,5,5,4,3,4,4,4,3,4,5,Да,"Замедлила, многие устойчивые процессы приостановлены",Снижение покупательской способности,Урезание маркетинговых бюджетов,,,,Нестабильность и невозможность планирования,,,Да,"Быстро, но некоторые трудности нас затормозили","Да, у нас есть четкие индикаторы и метрики, все измеримо",Да,Экспертную. Полная трансформация всех процессов в компании в сторону устойчивого развития. Зеленая маркетинговая стратегия становится основной стратегией компании,Высокий
66628488,2023.03.13 17:07,00:02:27,Прямая ссылка,Прямая ссылка,USERID: 31671599,QWYVDQM7HTUAGB1H,QF39GJBJRVBXSURH,,В российской компании,Synergetic,Junior,Низкий,Экологичность- популярный тренд,Увеличение динамики продаж,,,,,Да,Да,Начальный (только начали разрабатывать стратегию и что-то пробовать),Нет,3,3,3,1,3,2,2,1,2,2,Нет,Сильно замедлила реализацию,,Урезание маркетинговых бюджетов,Переключение акцента компании на другие направления,,,,,,Нет,"Сложно сказать, не слишком быстро, и не слишком медленно","Нет, ничего не измеряем",Скорее да,"Среднюю. Реализуем некоторые экологичные проекты, делаем акцент на экологичности продуктов, но ничего масштабного практически не делаем",Средний
66628390,2023.03.13 17:04,00:01:46,Прямая ссылка,Прямая ссылка,USERID: 31671599,QWYVDQM7HTUAGB1H,QF39GJBJRVBXSURH,,"В филиале зарубежной компании или в компании, которая в течение последнего года отделилась от зарубежного главного офиса",Henkel,Junior,Высокий,,Увеличение динамики продаж,Оптимизация производство,,,,Да,Да,"Продвинутый (уже получены глобальные результаты зеленой стратегии, наша компания может называться устойчивой)",Да,5,5,5,3,5,4,5,3,4,5,Да,Сильно замедлила реализацию,Снижение покупательской способности,Урезание маркетинговых бюджетов,,,,,,,Да,"Быстро, но некоторые трудности нас затормозили","Да, у нас есть четкие индикаторы и метрики, все измеримо",Скорее да,"Продвинутую. Активно трансформируем многие процессы, связанные с упаковками, сырьем, производством и маркетингом, стремимся стать еще более экологичными",Высокий
66628230,2023.03.13 17:01,00:02:31,Прямая ссылка,Прямая ссылка,USERID: 31671599,QWYVDQM7HTUAGB1H,QF39GJBJRVBXSURH,,В российской компании,Splat,Специалист,Низкий,Экологичность- популярный тренд,Увеличение динамики продаж,,,,,Скорее да,Да,Начальный (только начали разрабатывать стратегию и что-то пробовать),Скорее да,4,4,4,3,4,3,3,3,3,5,Нет,"Замедлила, многие устойчивые процессы приостановлены",,,,Уход зарубежных партнёров и глобальных офисов,Отсутствие доступа к мировым рынкам и рейтингам,,,,Да,"Довольно медленно и проблематично, процесс сложный","Нет, ничего не измеряем",Скорее да,"Среднюю. Реализуем некоторые экологичные проекты, делаем акцент на экологичности продуктов, но ничего масштабного практически не делаем",Средний
66626527,2023.03.13 16:25,00:02:05,Прямая ссылка,Прямая ссылка,USERID: 31671599,QWYVDQM7HTUAGB1H,QF39GJBJRVBXSURH,,"В филиале зарубежной компании или в компании, которая в течение последнего года отделилась от зарубежного главного офиса",Loreal,Middle,Высокий,Экологичность- популярный тренд,Увеличение динамики продаж,Оптимизация производство,,,,Скорее да,Скорее да,"Продвинутый (уже получены глобальные результаты зеленой стратегии, наша компания может называться устойчивой)",Скорее да,5,5,,5,3,5,4,4,2,4,Скорее да,"Замедлила, многие устойчивые процессы приостановлены",Снижение покупательской способности,Урезание маркетинговых бюджетов,,,Отсутствие доступа к мировым рынкам и рейтингам,,,,Да,"Быстро, но некоторые трудности нас затормозили","Да, у нас есть четкие индикаторы и метрики, все измеримо",Скорее да,"Продвинутую. Активно трансформируем многие процессы, связанные с упаковками, сырьем, производством и маркетингом, стремимся стать еще более экологичными",Высокий
66615591,2023.03.13 12:35,00:04:58,Прямая ссылка,Прямая ссылка,USERID: 31671599,QWYVDQM7HTUAGB1H,QF39GJBJRVBXSURH,,В российской компании,Synergetic,Middle,Средний,,Увеличение динамики продаж,Оптимизация производство,,,,Скорее да,Не повлияло,Начальный (только начали разрабатывать стратегию и что-то пробовать),Скорее да,5,5,5,3,5,4,5,3,3,3,Скорее да,"Замедлила, многие устойчивые процессы приостановлены",Снижение покупательской способности,Урезание маркетинговых бюджетов,,,,,,,Скорее да,"Сложно сказать, не слишком быстро, и не слишком медленно","Что-то измеряем, но не все",Скорее да,"Среднюю. Реализуем некоторые экологичные проекты, делаем акцент на экологичности продуктов, но ничего масштабного практически не делаем",Средний
66615351,2023.03.13 12:30,00:01:59,Прямая ссылка,Прямая ссылка,USERID: 31671599,QWYVDQM7HTUAGB1H,QF39GJBJRVBXSURH,,"В филиале зарубежной компании или в компании, которая в течение последнего года отделилась от зарубежного главного офиса",P&G,Специалист,Высокий,,Увеличение динамики продаж,Оптимизация производство,Имидж и репутация среди стэйкхолдеров,,,Скорее да,Скорее да,"Продвинутый (уже получены глобальные результаты зеленой стратегии, наша компания может называться устойчивой)",Скорее да,4,,4,5,2,3,2,4,2,3,Скорее да,Никак не повлияла,Снижение покупательской способности,,,,Отсутствие доступа к мировым рынкам и рейтингам,,,,Скорее да,"Быстро, но некоторые трудности нас затормозили","Да, у нас есть четкие индикаторы и метрики, все измеримо",Скорее да,"Продвинутую. Активно трансформируем многие процессы, связанные с упаковками, сырьем, производством и маркетингом, стремимся стать еще более экологичными",Высокий
66615234,2023.03.13 12:27,00:02:14,Прямая ссылка,Прямая ссылка,USERID: 31671599,QWYVDQM7HTUAGB1H,QF39GJBJRVBXSURH,,В российской компании,Cotton Club,Junior,Низкий,Экологичность- популярный тренд,Увеличение динамики продаж,Оптимизация производство,,,,Скорее да,Скорее да,Начальный (только начали разрабатывать стратегию и что-то пробовать),Скорее да,2,2,2,3,5,4,3,2,3,5,Нет,"Замедлила, многие устойчивые процессы приостановлены",Снижение покупательской способности,,,Уход зарубежных партнёров и глобальных офисов,,,,,Скорее да,"Сложно сказать, не слишком быстро, и не слишком медленно","Есть на уровне обычного перфоманс маркетинга, устойчивые метрики не используем",Скорее да,"Среднюю. Реализуем некоторые экологичные проекты, делаем акцент на экологичности продуктов, но ничего масштабного практически не делаем",Низкий
66615097,2023.03.13 12:24,00:02:49,Прямая ссылка,Прямая ссылка,USERID: 31671599,QWYVDQM7HTUAGB1H,QF39GJBJRVBXSURH,,"В филиале зарубежной компании или в компании, которая в течение последнего года отделилась от зарубежного главного офиса",Unilever,Специалист,Высокий,Экологичность- популярный тренд,Увеличение динамики продаж,,,,,Да,Скорее да,"Продвинутый (уже получены глобальные результаты зеленой стратегии, наша компания может называться устойчивой)",Скорее да,4,4,5,4,3,4,4,3,3,4,Да,"Замедлила, многие устойчивые процессы приостановлены",,Урезание маркетинговых бюджетов,Переключение акцента компании на другие направления,,,,,,Скорее да,"Быстро, но некоторые трудности нас затормозили","Да, у нас есть четкие индикаторы и метрики, все измеримо",Скорее да,"Продвинутую. Активно трансформируем многие процессы, связанные с упаковками, сырьем, производством и маркетингом, стремимся стать еще более экологичными",Средний
66614899,2023.03.13 12:20,00:03:29,Прямая ссылка,Прямая ссылка,USERID: 31671599,QWYVDQM7HTUAGB1H,QF39GJBJRVBXSURH,,В российской компании,Splat,Junior,Низкий,,Увеличение динамики продаж,Оптимизация производство,,,,Скорее да,Скорее да,Начальный (только начали разрабатывать стратегию и что-то пробовать),Скорее нет,4,4,3,3,4,3,5,2,2,4,Скорее да,"Замедлила, многие устойчивые процессы приостановлены",,,Переключение акцента компании на другие направления,Уход зарубежных партнёров и глобальных офисов,,,,,Да,"Довольно медленно и проблематично, процесс сложный","Нет, ничего не измеряем",Скорее да,"Среднюю. Реализуем некоторые экологичные проекты, делаем акцент на экологичности продуктов, но ничего масштабного практически не делаем",Средний
66611812,2023.03.13 10:52,00:02:00,Прямая ссылка,Прямая ссылка,USERID: 31671599,P9YS8AWE5M5ULK2Z,QF39GJBJRVBXSURH,,В российской компании,Splat,Специалист,Средний,,Увеличение динамики продаж,Оптимизация производство,,,,Скорее да,Скорее да,Начальный (только начали разрабатывать стратегию и что-то пробовать),Нет,3,3,3,1,3,2,2,1,1,2,Нет,"Замедлила, многие устойчивые процессы приостановлены",,Урезание маркетинговых бюджетов,Переключение акцента компании на другие направления,,,,,,Скорее да,"Сложно сказать, не слишком быстро, и не слишком медленно","Что-то измеряем, но не все",Скорее да,"Сильно ограниченную. Немного улучшаем имидж из-за некоторых зеленых характеристик бренда, но не более, компанией прикладывается мало усилий в этом направлении",Средний
66611721,2023.03.13 10:50,00:02:23,Прямая ссылка,Прямая ссылка,USERID: 31671599,P9YS8AWE5M5ULK2Z,QF39GJBJRVBXSURH,,"В филиале зарубежной компании или в компании, которая в течение последнего года отделилась от зарубежного главного офиса",Henkel,Junior,Высокий,Экологичность- популярный тренд,,Оптимизация производство,,,,Да,Да,"Продвинутый (уже получены глобальные результаты зеленой стратегии, наша компания может называться устойчивой)",Скорее да,4,4,4,2,4,3,4,2,3,4,Да,"Замедлила, многие устойчивые процессы приостановлены",Снижение покупательской способности,Урезание маркетинговых бюджетов,,,,,,,Да,"Довольно быстро и эффективно, с большими проблемами не сталкивались","Да, у нас есть четкие индикаторы и метрики, все измеримо",Да,"Продвинутую. Активно трансформируем многие процессы, связанные с упаковками, сырьем, производством и маркетингом, стремимся стать еще более экологичными",Средний
66611620,2023.03.13 10:48,00:02:27,Прямая ссылка,Прямая ссылка,USERID: 31671599,P9YS8AWE5M5ULK2Z,QF39GJBJRVBXSURH,,"В филиале зарубежной компании или в компании, которая в течение последнего года отделилась от зарубежного главного офиса",Loreal,Junior,Высокий,,Увеличение динамики продаж,,Имидж и репутация среди стэйкхолдеров,,,Скорее да,Да,"Экспертный (наша компания полностью зеленая и устойчивая, зеленая стратегия лежит в нашем базисе",Да,5,5,5,3,5,4,5,3,4,5,Да,"Замедлила, многие устойчивые процессы приостановлены",Снижение покупательской способности,,Переключение акцента компании на другие направления,,,,,,Да,"Довольно быстро и эффективно, с большими проблемами не сталкивались","Да, у нас есть четкие индикаторы и метрики, все измеримо",Да,Экспертную. Полная трансформация всех процессов в компании в сторону устойчивого развития. Зеленая маркетинговая стратегия становится основной стратегией компании,Высокий
66611455,2023.03.13 10:43,00:03:19,Прямая ссылка,Прямая ссылка,,P9YS8AWE5M5ULK2Z,QF39GJBJRVBXSURH,,В российской компании,Synergetic,Junior,Низкий,,Увеличение динамики продаж,,,,,Скорее да,Скорее да,Начальный (только начали разрабатывать стратегию и что-то пробовать),Нет,3,3,3,1,3,2,2,1,1,1,Скорее нет,Сильно замедлила реализацию,Снижение покупательской способности,,,,,,,,Да,"Довольно медленно и проблематично, процесс сложный","Нет, ничего не измеряем",Да,"Среднюю. Реализуем некоторые экологичные проекты, делаем акцент на экологичности продуктов, но ничего масштабного практически не делаем",Средний
66611323,2023.03.13 10:39,00:02:48,Прямая ссылка,Прямая ссылка,,P9YS8AWE5M5ULK2Z,QF39GJBJRVBXSURH,,"В филиале зарубежной компании или в компании, которая в течение последнего года отделилась от зарубежного главного офиса",Colgate-Palmolive,Junior,Высокий,,,Оптимизация производство,,,,Скорее да,Скорее да,"Экспертный (наша компания полностью зеленая и устойчивая, зеленая стратегия лежит в нашем базисе",Скорее да,3,3,3,1,5,4,5,1,4,5,Скорее да,"Замедлила, многие устойчивые процессы приостановлены",,Урезание маркетинговых бюджетов,,,,,,,Да,"Быстро, но некоторые трудности нас затормозили","Что-то измеряем, но не все",Да,"Продвинутую. Активно трансформируем многие процессы, связанные с упаковками, сырьем, производством и маркетингом, стремимся стать еще более экологичными",Высокий
66611207,2023.03.13 10:36,00:04:17,Прямая ссылка,Прямая ссылка,,P9YS8AWE5M5ULK2Z,QF39GJBJRVBXSURH,,В российской компании,DRC (R.O.C.S.),Middle,Низкий,,,,Имидж и репутация среди стэйкхолдеров,,,Скорее да,Скорее да,"Средний (уже реализуем большие проекты, обозначены направления развития)",Нет,3,3,3,1,3,2,2,1,2,2,Нет,Немного ускорила,,Урезание маркетинговых бюджетов,,,,,,,Да,"Довольно медленно и проблематично, процесс сложный","Нет, ничего не измеряем",Скорее да,"Среднюю. Реализуем некоторые экологичные проекты, делаем акцент на экологичности продуктов, но ничего масштабного практически не делаем",Средний
66610984,2023.03.13 10:30,00:02:27,Прямая ссылка,Прямая ссылка,,P9YS8AWE5M5ULK2Z,QF39GJBJRVBXSURH,,"В филиале зарубежной компании или в компании, которая в течение последнего года отделилась от зарубежного главного офиса",P&G,Junior,Высокий,,,Оптимизация производство,,,,Да,Да,"Экспертный (наша компания полностью зеленая и устойчивая, зеленая стратегия лежит в нашем базисе",Да,5,5,5,3,5,4,4,4,3,3,Скорее да,Никак не повлияла,,,,Уход зарубежных партнёров и глобальных офисов,,,,,Скорее да,"Быстро, но некоторые трудности нас затормозили","Что-то измеряем, но не все",Скорее да,Экспертную. Полная трансформация всех процессов в компании в сторону устойчивого развития. Зеленая маркетинговая стратегия становится основной стратегией компании,Высокий
66610737,2023.03.13 10:25,00:03:01,Прямая ссылка,Прямая ссылка,,P9YS8AWE5M5ULK2Z,QF39GJBJRVBXSURH,,В российской компании,DRC (R.O.C.S.),Senior,Средний,,Увеличение динамики продаж,,,,,Скорее да,Скорее да,"Средний (уже реализуем большие проекты, обозначены направления развития)",Скорее нет,4,4,4,2,4,3,3,2,3,4,Нет,Сильно замедлила реализацию,,Урезание маркетинговых бюджетов,,,,,,,Да,"Очень тяжело и долго, трансформация проходила/проходит проблематично","Нет, ничего не измеряем",Скорее да,"Среднюю. Реализуем некоторые экологичные проекты, делаем акцент на экологичности продуктов, но ничего масштабного практически не делаем",Средний
66610550,2023.03.13 10:20,00:02:29,Прямая ссылка,Прямая ссылка,,P9YS8AWE5M5ULK2Z,QF39GJBJRVBXSURH,,"В филиале зарубежной компании или в компании, которая в течение последнего года отделилась от зарубежного главного офиса",Unilever,Junior,Высокий,,Увеличение динамики продаж,,,,,Да,Да,"Экспертный (наша компания полностью зеленая и устойчивая, зеленая стратегия лежит в нашем базисе",Скорее да,5,5,5,3,5,4,5,3,4,5,Да,Сильно замедлила реализацию,Снижение покупательской способности,,,,,,,,Да,"Быстро, но некоторые трудности нас затормозили","Да, у нас есть четкие индикаторы и метрики, все измеримо",Скорее да,"Продвинутую. Активно трансформируем многие процессы, связанные с упаковками, сырьем, производством и маркетингом, стремимся стать еще более экологичными",Высокий
66610445,2023.03.13 10:18,00:01:59,Прямая ссылка,Прямая ссылка,,P9YS8AWE5M5ULK2Z,QF39GJBJRVBXSURH,,В российской компании,Splat,Стажер,Очень низкий,,,Оптимизация производство,,,,Да,Да,Начальный (только начали разрабатывать стратегию и что-то пробовать),Скорее нет,3,3,3,1,3,2,2,1,2,2,Нет,Никак не повлияла,Снижение покупательской способности,,,,,,,,Да,"Довольно медленно и проблематично, процесс сложный","Есть на уровне обычного перфоманс маркетинга, устойчивые метрики не используем",Скорее да,"Среднюю. Реализуем некоторые экологичные проекты, делаем акцент на экологичности продуктов, но ничего масштабного практически не делаем",Очень высокий
66610324,2023.03.13 10:14,00:01:55,Прямая ссылка,Прямая ссылка,,P9YS8AWE5M5ULK2Z,QF39GJBJRVBXSURH,,"В филиале зарубежной компании или в компании, которая в течение последнего года отделилась от зарубежного главного офиса",Colgate-Palmolive,Junior,Очень высокий,,,,Имидж и репутация среди стэйкхолдеров,,,Скорее да,Да,"Экспертный (наша компания полностью зеленая и устойчивая, зеленая стратегия лежит в нашем базисе",Да,3,3,3,1,3,2,2,1,2,2,Да,"Замедлила, многие устойчивые процессы приостановлены",,Урезание маркетинговых бюджетов,,,,,,,Да,"Довольно быстро и эффективно, с большими проблемами не сталкивались","Да, у нас есть четкие индикаторы и метрики, все измеримо",Да,"Продвинутую. Активно трансформируем многие процессы, связанные с упаковками, сырьем, производством и маркетингом, стремимся стать еще более экологичными",Высокий
66610242,2023.03.13 10:12,00:02:49,Прямая ссылка,Прямая ссылка,,P9YS8AWE5M5ULK2Z,QF39GJBJRVBXSURH,,В российской компании,Splat,Специалист,Очень низкий,,,Оптимизация производство,,,,Скорее да,Да,"Средний (уже реализуем большие проекты, обозначены направления развития)",Нет,4,4,4,2,4,3,3,2,3,4,Скорее нет,Немного ускорила,,Урезание маркетинговых бюджетов,,,,,,,Да,"Довольно медленно и проблематично, процесс сложный","Есть на уровне обычного перфоманс маркетинга, устойчивые метрики не используем",Скорее да,"Среднюю. Реализуем некоторые экологичные проекты, делаем акцент на экологичности продуктов, но ничего масштабного практически не делаем",Низкий
66610091,2023.03.13 10:07,00:02:39,Прямая ссылка,Прямая ссылка,,P9YS8AWE5M5ULK2Z,QF39GJBJRVBXSURH,,"В филиале зарубежной компании или в компании, которая в течение последнего года отделилась от зарубежного главного офиса",P&G,Senior,Высокий,,,Оптимизация производство,,,,Скорее да,Скорее да,"Экспертный (наша компания полностью зеленая и устойчивая, зеленая стратегия лежит в нашем базисе",Скорее да,3,3,3,1,3,2,2,1,2,2,Скорее да,Сильно замедлила реализацию,,Урезание маркетинговых бюджетов,,,,,,,Да,"Быстро, но некоторые трудности нас затормозили","Да, у нас есть четкие индикаторы и метрики, все измеримо",Скорее да,Экспертную. Полная трансформация всех процессов в компании в сторону устойчивого развития. Зеленая маркетинговая стратегия становится основной стратегией компании,Высокий
66609970,2023.03.13 10:04,00:03:06,Прямая ссылка,Прямая ссылка,,P9YS8AWE5M5ULK2Z,QF39GJBJRVBXSURH,,В российской компании,Cotton Club,Стажер,Очень низкий,,,,Имидж и репутация среди стэйкхолдеров,,,Скорее нет,Скорее нет,Начальный (только начали разрабатывать стратегию и что-то пробовать),Скорее нет,4,4,4,2,4,3,3,2,3,3,Нет,"Замедлила, многие устойчивые процессы приостановлены",,,Переключение акцента компании на другие направления,,,,,,Да,"Очень тяжело и долго, трансформация проходила/проходит проблематично","Нет, ничего не измеряем",Скорее да,"Среднюю. Реализуем некоторые экологичные проекты, делаем акцент на экологичности продуктов, но ничего масштабного практически не делаем",Низкий
66609841,2023.03.13 10:00,00:02:47,Прямая ссылка,Прямая ссылка,,P9YS8AWE5M5ULK2Z,QF39GJBJRVBXSURH,,"В филиале зарубежной компании или в компании, которая в течение последнего года отделилась от зарубежного главного офиса",Henkel,Middle,Очень высокий,Экологичность- популярный тренд,,,,,,Да,Не повлияло,"Экспертный (наша компания полностью зеленая и устойчивая, зеленая стратегия лежит в нашем базисе",Скорее да,3,3,3,1,3,2,2,1,2,2,Да,"Замедлила, многие устойчивые процессы приостановлены",,Урезание маркетинговых бюджетов,,,,,,,Да,"Быстро, но некоторые трудности нас затормозили","Что-то измеряем, но не все",Скорее да,"Продвинутую. Активно трансформируем многие процессы, связанные с упаковками, сырьем, производством и маркетингом, стремимся стать еще более экологичными",Высокий
66609694,2023.03.13 09:55,00:02:57,Прямая ссылка,Прямая ссылка,,P9YS8AWE5M5ULK2Z,QF39GJBJRVBXSURH,,В российской компании,Synergetic,Стажер,Очень низкий,,,Оптимизация производство,,,,Скорее да,Да,"Средний (уже реализуем большие проекты, обозначены направления развития)",Нет,5,5,5,3,5,4,5,3,4,5,Нет,"Замедлила, многие устойчивые процессы приостановлены",Снижение покупательской способности,,,,,,,,Скорее да,"Очень тяжело и долго, трансформация проходила/проходит проблематично","Есть на уровне обычного перфоманс маркетинга, устойчивые метрики не используем",Скорее да,"Среднюю. Реализуем некоторые экологичные проекты, делаем акцент на экологичности продуктов, но ничего масштабного практически не делаем",Очень высокий
66609605,2023.03.13 09:51,00:03:21,Прямая ссылка,Прямая ссылка,,P9YS8AWE5M5ULK2Z,QF39GJBJRVBXSURH,,"В филиале зарубежной компании или в компании, которая в течение последнего года отделилась от зарубежного главного офиса",Unilever,Специалист,Очень высокий,,,,Имидж и репутация среди стэйкхолдеров,,,Да,Да,"Продвинутый (уже получены глобальные результаты зеленой стратегии, наша компания может называться устойчивой)",Да,4,3,,3,1,4,2,2,3,4,Да,Никак не повлияла,Снижение покупательской способности,,,,,,,,Да,"Быстро, но некоторые трудности нас затормозили","Да, у нас есть четкие индикаторы и метрики, все измеримо",Да,"Продвинутую. Активно трансформируем многие процессы, связанные с упаковками, сырьем, производством и маркетингом, стремимся стать еще более экологичными",Средний
66609472,2023.03.13 09:48,00:03:16,Прямая ссылка,Прямая ссылка,,P9YS8AWE5M5ULK2Z,QF39GJBJRVBXSURH,,В российской компании,DRC (R.O.C.S.),Senior,Средний,,Увеличение динамики продаж,,,,,Скорее да,Скорее да,"Средний (уже реализуем большие проекты, обозначены направления развития)",Скорее нет,4,4,4,2,4,2,2,2,2,5,Скорее нет,"Замедлила, многие устойчивые процессы приостановлены",,Урезание маркетинговых бюджетов,,,,,,,Да,"Довольно медленно и проблематично, процесс сложный","Есть на уровне обычного перфоманс маркетинга, устойчивые метрики не используем",Скорее да,"Среднюю. Реализуем некоторые экологичные проекты, делаем акцент на экологичности продуктов, но ничего масштабного практически не делаем",Высокий
66609336,2023.03.13 09:44,00:02:59,Прямая ссылка,Прямая ссылка,,P9YS8AWE5M5ULK2Z,QF39GJBJRVBXSURH,,"В филиале зарубежной компании или в компании, которая в течение последнего года отделилась от зарубежного главного офиса",Loreal,Стажер,Высокий,,,Оптимизация производство,,,,Скорее да,Да,"Экспертный (наша компания полностью зеленая и устойчивая, зеленая стратегия лежит в нашем базисе",Да,4,3,5,3,5,4,2,3,4,5,Да,"Замедлила, многие устойчивые процессы приостановлены",,Урезание маркетинговых бюджетов,,,,,,,Скорее да,"Довольно быстро и эффективно, с большими проблемами не сталкивались","Да, у нас есть четкие индикаторы и метрики, все измеримо",Да,Экспертную. Полная трансформация всех процессов в компании в сторону устойчивого развития. Зеленая маркетинговая стратегия становится основной стратегией компании,Высокий
66609232,2023.03.13 09:41,00:06:18,Прямая ссылка,Прямая ссылка,,P9YS8AWE5M5ULK2Z,QF39GJBJRVBXSURH,,В российской компании,Splat,Стажер,Очень низкий,,Увеличение динамики продаж,,,,,Да,Да,Начальный (только начали разрабатывать стратегию и что-то пробовать),Скорее нет,3,4,3,1,3,3,2,2,2,2,Скорее нет,Сильно замедлила реализацию,Снижение покупательской способности,,,,,,,,Да,"Сложно сказать, не слишком быстро, и не слишком медленно","Есть на уровне обычного перфоманс маркетинга, устойчивые метрики не используем",Да,"Среднюю. Реализуем некоторые экологичные проекты, делаем акцент на экологичности продуктов, но ничего масштабного практически не делаем",Высокий
66601044,2023.03.12 21:12,00:02:23,Прямая ссылка,Прямая ссылка,,JDKQ0NJNF4HOENHY,XDTFNAMZO8OJ1CW6,,"В филиале зарубежной компании или в компании, которая в течение последнего года отделилась от зарубежного главного офиса",Colgate-Palmolive,Стажер,Высокий,Экологичность- популярный тренд,Увеличение динамики продаж,Оптимизация производство,Имидж и репутация среди стэйкхолдеров,,,Да,Да,"Продвинутый (уже получены глобальные результаты зеленой стратегии, наша компания может называться устойчивой)",Скорее да,3,3,4,2,4,3,4,1,3,4,Да,Сильно замедлила реализацию,Снижение покупательской способности,,,Уход зарубежных партнёров и глобальных офисов,Отсутствие доступа к мировым рынкам и рейтингам,,,,Да,"Довольно быстро и эффективно, с большими проблемами не сталкивались","Что-то измеряем, но не все",Да,Экспертную. Полная трансформация всех процессов в компании в сторону устойчивого развития. Зеленая маркетинговая стратегия становится основной стратегией компании,Очень высокий
66600947,2023.03.12 21:04,00:02:22,Прямая ссылка,Прямая ссылка,,JDKQ0NJNF4HOENHY,XDTFNAMZO8OJ1CW6,,В российской компании,DRC (R.O.C.S.),Middle,Низкий,Экологичность- популярный тренд,,,,,,Скорее да,Скорее да,Начальный (только начали разрабатывать стратегию и что-то пробовать),Скорее нет,3,4,5,3,5,5,4,2,5,2,Нет,"Замедлила, многие устойчивые процессы приостановлены",Снижение покупательской способности,Урезание маркетинговых бюджетов,Переключение акцента компании на другие направления,,,Нестабильность и невозможность планирования,,,Да,"Довольно медленно и проблематично, процесс сложный",,Скорее да,"Сильно ограниченную. Немного улучшаем имидж из-за некоторых зеленых характеристик бренда, но не более, компанией прикладывается мало усилий в этом направлении",Средний
66600219,2023.03.12 20:10,00:02:28,Прямая ссылка,Прямая ссылка,,WCOWHF12PEDUUVUA,XDTFNAMZO8OJ1CW6,,В российской компании,Synergetic,Junior,Низкий,Экологичность- популярный тренд,,,,,,Да,Да,"Средний (уже реализуем большие проекты, обозначены направления развития)",Да,1,1,2,2,4,5,3,5,3,4,Да,Немного ускорила,,,,Уход зарубежных партнёров и глобальных офисов,,,,,Нет,"Довольно быстро и эффективно, с большими проблемами не сталкивались","Что-то измеряем, но не все",Скорее да,"Среднюю. Реализуем некоторые экологичные проекты, делаем акцент на экологичности продуктов, но ничего масштабного практически не делаем",Средний
66599972,2023.03.12 19:53,00:03:05,Прямая ссылка,Прямая ссылка,,WCOWHF12PEDUUVUA,XDTFNAMZO8OJ1CW6,,"В филиале зарубежной компании или в компании, которая в течение последнего года отделилась от зарубежного главного офиса",Loreal,Senior,Высокий,,,Оптимизация производство,Имидж и репутация среди стэйкхолдеров,,,Да,Да,"Экспертный (наша компания полностью зеленая и устойчивая, зеленая стратегия лежит в нашем базисе",Да,5,5,5,5,5,2,4,1,4,5,Да,Никак не повлияла,,,,,,Нестабильность и невозможность планирования,,,Скорее да,"Сложно сказать, не слишком быстро, и не слишком медленно","Да, у нас есть четкие индикаторы и метрики, все измеримо",Скорее да,Экспертную. Полная трансформация всех процессов в компании в сторону устойчивого развития. Зеленая маркетинговая стратегия становится основной стратегией компании,Очень высокий
66599008,2023.03.12 18:48,00:03:10,Прямая ссылка,Прямая ссылка,,WCOWHF12PEDUUVUA,XDTFNAMZO8OJ1CW6,,"В филиале зарубежной компании или в компании, которая в течение последнего года отделилась от зарубежного главного офиса",Unilever,Директор,Очень высокий,,,Оптимизация производство,,,,Скорее да,Да,"Экспертный (наша компания полностью зеленая и устойчивая, зеленая стратегия лежит в нашем базисе",Да,5,4,4,5,5,2,3,3,4,3,Скорее нет,"Замедлила, многие устойчивые процессы приостановлены",,,Переключение акцента компании на другие направления,,,,,,Скорее да,"Сложно сказать, не слишком быстро, и не слишком медленно","Да, у нас есть четкие индикаторы и метрики, все измеримо",Да,"Продвинутую. Активно трансформируем многие процессы, связанные с упаковками, сырьем, производством и маркетингом, стремимся стать еще более экологичными",Очень высокий
66598934,2023.03.12 18:44,00:03:07,Прямая ссылка,Прямая ссылка,,WCOWHF12PEDUUVUA,XDTFNAMZO8OJ1CW6,,"В филиале зарубежной компании или в компании, которая в течение последнего года отделилась от зарубежного главного офиса",Unilever,Middle,Средний,,,Оптимизация производство,,,,Да,Да,"Продвинутый (уже получены глобальные результаты зеленой стратегии, наша компания может называться устойчивой)",Да,4,4,4,5,5,2,4,2,3,3,Да,Никак не повлияла,,Урезание маркетинговых бюджетов,,Уход зарубежных партнёров и глобальных офисов,,,,,Скорее нет,"Быстро, но некоторые трудности нас затормозили","Да, у нас есть четкие индикаторы и метрики, все измеримо",Скорее да,Экспертную. Полная трансформация всех процессов в компании в сторону устойчивого развития. Зеленая маркетинговая стратегия становится основной стратегией компании,Высокий
66598765,2023.03.12 18:34,00:03:45,Прямая ссылка,Прямая ссылка,,WCOWHF12PEDUUVUA,XDTFNAMZO8OJ1CW6,,В российской компании,Splat,Специалист,Средний,,Увеличение динамики продаж,,,,,Скорее да,Да,"Средний (уже реализуем большие проекты, обозначены направления развития)",Скорее да,2,2,3,4,4,2,3,4,4,3,Да,"Замедлила, многие устойчивые процессы приостановлены",Снижение покупательской способности,,,,,,,,Скорее да,"Сложно сказать, не слишком быстро, и не слишком медленно","Что-то измеряем, но не все",Скорее да,"Среднюю. Реализуем некоторые экологичные проекты, делаем акцент на экологичности продуктов, но ничего масштабного практически не делаем",
66598669,2023.03.12 18:27,00:02:25,Прямая ссылка,Прямая ссылка,,JDKQ0NJNF4HOENHY,XDTFNAMZO8OJ1CW6,,В российской компании,Splat,Middle,Средний,Экологичность- популярный тренд,Увеличение динамики продаж,,,,,Скорее да,Да,"Средний (уже реализуем большие проекты, обозначены направления развития)",Скорее да,3,2,3,4,4,5,1,5,4,3,Скорее да,"Замедлила, многие устойчивые процессы приостановлены",,,,,,Нестабильность и невозможность планирования,,,Скорее да,"Сложно сказать, не слишком быстро, и не слишком медленно","Что-то измеряем, но не все",Скорее да,"Продвинутую. Активно трансформируем многие процессы, связанные с упаковками, сырьем, производством и маркетингом, стремимся стать еще более экологичными",
66597759,2023.03.12 17:33,00:01:54,Прямая ссылка,Прямая ссылка,,JDKQ0NJNF4HOENHY,XDTFNAMZO8OJ1CW6,,"В филиале зарубежной компании или в компании, которая в течение последнего года отделилась от зарубежного главного офиса",Loreal,Junior,Высокий,Экологичность- популярный тренд,Увеличение динамики продаж,Оптимизация производство,Имидж и репутация среди стэйкхолдеров,,,Да,Да,"Продвинутый (уже получены глобальные результаты зеленой стратегии, наша компания может называться устойчивой)",Да,5,5,5,3,3,2,5,2,2,2,Да,"Замедлила, многие устойчивые процессы приостановлены",Снижение покупательской способности,Урезание маркетинговых бюджетов,,,Отсутствие доступа к мировым рынкам и рейтингам,,,,Да,"Довольно быстро и эффективно, с большими проблемами не сталкивались","Да, у нас есть четкие индикаторы и метрики, все измеримо",Да,"Продвинутую. Активно трансформируем многие процессы, связанные с упаковками, сырьем, производством и маркетингом, стремимся стать еще более экологичными",
66597664,2023.03.12 17:28,00:02:26,Прямая ссылка,Прямая ссылка,,JDKQ0NJNF4HOENHY,XDTFNAMZO8OJ1CW6,,В российской компании,DRC (R.O.C.S.),Senior,Низкий,Экологичность- популярный тренд,,,,,,Скорее да,Да,Начальный (только начали разрабатывать стратегию и что-то пробовать),Скорее да,5,4,4,2,2,5,3,2,4,3,Скорее нет,"Замедлила, многие устойчивые процессы приостановлены",Снижение покупательской способности,Урезание маркетинговых бюджетов,Переключение акцента компании на другие направления,,,,,,Да,"Довольно медленно и проблематично, процесс сложный","Есть на уровне обычного перфоманс маркетинга, устойчивые метрики не используем",Скорее да,"Сильно ограниченную. Немного улучшаем имидж из-за некоторых зеленых характеристик бренда, но не более, компанией прикладывается мало усилий в этом направлении",